Nitrogen,Phosphorus,Potassium,Temperature,Humidity,pH_Value,Rainfall,Soil_Type,Variety,Crop
90,42,43,20.88,82.0,6.5,202.94,Silty-Clay,Standard_V1,rice
85,58,41,21.77,80.32,7.04,226.66,Clay,Standard_V1,rice
60,55,44,23.0,82.32,7.84,263.96,Silty-Clay,Standard_V1,rice
74,35,40,26.49,80.16,6.98,242.86,Silty-Clay,Standard_V1,rice
78,42,42,20.13,81.6,7.63,262.72,Clay,Standard_V1,rice
69,37,42,23.06,83.37,7.07,251.05,Clay,Standard_V1,rice
69,55,38,22.71,82.64,5.7,271.32,Silty-Clay,Standard_V1,rice
94,53,40,20.28,82.89,5.72,241.97,Clay-Loam,Standard_V1,rice
89,54,38,24.52,83.54,6.69,230.45,Silty-Clay,Standard_V1,rice
68,58,38,23.22,83.03,6.34,221.21,Silty-Clay,Standard_V1,rice
91,53,40,26.53,81.42,5.39,264.61,Silty-Clay,Standard_V1,rice
90,46,42,23.98,81.45,7.5,250.08,Silty-Clay,Standard_V1,rice
78,58,44,26.8,80.89,5.11,284.44,Clay,Standard_V1,rice
93,56,36,24.01,82.06,6.98,185.28,Silty-Clay,Standard_V1,rice
94,50,37,25.67,80.66,6.95,209.59,Clay-Loam,Standard_V1,rice
60,48,39,24.28,80.3,7.04,231.09,Clay,Standard_V1,rice
85,38,41,21.59,82.79,6.25,276.66,Clay-Loam,Standard_V1,rice
91,35,39,23.79,80.42,6.97,206.26,Clay-Loam,Standard_V1,rice
77,38,36,21.87,80.19,5.95,224.56,Clay-Loam,Standard_V1,rice
88,35,40,23.58,83.59,5.85,291.3,Clay-Loam,Standard_V1,rice
89,45,36,21.33,80.47,6.44,185.5,Clay,Standard_V1,rice
76,40,43,25.16,83.12,5.07,231.38,Clay,Standard_V1,rice
67,59,41,21.95,80.97,6.01,213.36,Clay-Loam,Standard_V1,rice
83,41,43,21.05,82.68,6.25,233.11,Clay-Loam,Standard_V1,rice
98,47,37,23.48,81.33,7.38,224.06,Clay,Standard_V1,rice
66,53,41,25.08,80.52,7.78,257.0,Clay,Standard_V1,rice
97,59,43,26.36,84.04,6.29,271.36,Clay,Standard_V1,rice
97,50,41,24.53,80.54,7.07,260.26,Silty-Clay,Standard_V1,rice
60,49,44,20.78,84.5,6.24,240.08,Silty-Clay,Standard_V1,rice
84,51,35,22.3,80.64,6.04,197.98,Silty-Clay,Standard_V1,rice
73,57,41,21.45,84.94,5.82,272.2,Clay-Loam,Standard_V1,rice
92,35,40,22.18,80.33,6.36,200.09,Silty-Clay,Standard_V1,rice
85,37,39,24.53,82.74,6.36,224.68,Clay-Loam,Standard_V1,rice
98,53,38,20.27,81.64,5.01,270.44,Clay-Loam,Standard_V1,rice
88,54,44,25.74,83.88,6.15,233.13,Silty-Clay,Standard_V1,rice
95,55,42,26.8,82.15,5.95,193.35,Clay-Loam,Standard_V1,rice
99,57,35,26.76,81.18,5.96,272.3,Silty-Clay,Standard_V1,rice
95,39,36,23.86,83.15,5.56,285.25,Silty-Clay,Standard_V1,rice
60,43,44,21.02,82.95,7.42,298.4,Clay,Standard_V1,rice
63,44,41,24.17,83.73,5.58,257.03,Silty-Clay,Standard_V1,rice
62,42,36,22.78,82.07,6.43,248.72,Clay,Standard_V1,rice
64,45,43,25.63,83.53,5.53,209.9,Silty-Clay,Standard_V1,rice
83,60,36,25.6,80.15,6.9,200.83,Silty-Clay,Standard_V1,rice
82,40,40,23.83,84.81,6.27,298.56,Clay,Standard_V1,rice
85,52,45,26.31,82.37,7.22,265.54,Clay,Standard_V1,rice
91,35,38,24.9,80.53,6.13,183.68,Silty-Clay,Standard_V1,rice
76,49,42,24.96,84.48,5.21,196.96,Clay-Loam,Standard_V1,rice
74,39,38,23.24,84.59,7.78,233.05,Clay,Standard_V1,rice
79,43,39,21.67,80.71,7.06,210.81,Clay-Loam,Standard_V1,rice
88,55,45,24.64,80.41,7.73,253.72,Clay-Loam,Standard_V1,rice
60,36,43,23.43,83.06,5.29,219.9,Clay-Loam,Standard_V1,rice
76,60,39,20.05,80.35,6.77,208.58,Clay,Standard_V1,rice
93,56,42,23.86,82.23,7.38,195.09,Clay-Loam,Standard_V1,rice
65,60,43,21.97,81.9,5.66,227.36,Clay,Standard_V1,rice
95,52,36,26.23,83.84,5.54,286.51,Clay-Loam,Standard_V1,rice
75,38,39,23.45,84.79,6.22,283.93,Silty-Clay,Standard_V1,rice
74,54,38,25.66,83.47,7.12,217.38,Silty-Clay,Standard_V1,rice
91,36,45,24.44,82.45,5.95,267.98,Clay,Standard_V1,rice
71,46,40,20.28,82.12,7.24,191.95,Silty-Clay,Standard_V1,rice
99,55,35,21.72,80.24,6.5,277.96,Silty-Clay,Standard_V1,rice
72,40,38,20.41,82.21,7.59,245.15,Clay-Loam,Standard_V1,rice
83,58,45,25.76,83.52,5.88,245.66,Clay,Standard_V1,rice
93,58,38,20.62,83.77,6.93,279.55,Clay-Loam,Standard_V1,rice
70,36,42,21.84,80.73,6.95,202.38,Clay-Loam,Standard_V1,rice
76,47,42,20.08,83.29,5.74,263.64,Clay-Loam,Standard_V1,rice
99,41,36,24.46,82.75,6.74,182.56,Clay-Loam,Standard_V1,rice
99,54,37,21.14,80.34,5.59,198.67,Clay-Loam,Standard_V1,rice
86,59,35,25.79,82.11,6.95,243.51,Clay-Loam,Standard_V1,rice
69,46,41,23.64,80.29,5.01,263.11,Clay-Loam,Standard_V1,rice
91,56,37,23.43,80.57,6.36,269.5,Clay,Standard_V1,rice
61,52,41,24.98,83.89,6.88,204.8,Silty-Clay,Standard_V1,rice
67,45,38,22.73,82.17,7.3,260.89,Clay-Loam,Standard_V1,rice
79,42,37,24.87,82.84,6.59,295.61,Clay-Loam,Standard_V1,rice
78,43,42,21.32,83.0,7.28,192.32,Clay-Loam,Standard_V1,rice
75,54,36,26.29,84.57,7.02,257.49,Clay-Loam,Standard_V1,rice
97,36,45,22.23,81.86,6.94,278.08,Clay-Loam,Standard_V1,rice
67,47,44,26.73,81.79,7.87,280.4,Clay-Loam,Standard_V1,rice
73,35,38,24.89,81.98,5.01,185.95,Silty-Clay,Standard_V1,rice
77,36,37,26.88,81.46,6.14,194.58,Silty-Clay,Standard_V1,rice
81,41,38,22.68,83.73,7.52,200.91,Clay-Loam,Standard_V1,rice
68,57,43,26.09,80.38,5.71,182.9,Silty-Clay,Standard_V1,rice
72,45,35,25.43,82.95,5.76,195.36,Clay,Standard_V1,rice
61,53,43,26.4,81.06,6.35,223.37,Clay-Loam,Standard_V1,rice
67,43,39,26.04,84.97,6.0,186.75,Clay,Standard_V1,rice
67,58,39,25.28,80.54,5.45,220.12,Clay,Standard_V1,rice
66,60,38,22.09,83.47,6.37,231.74,Clay-Loam,Standard_V1,rice
82,43,38,23.29,81.43,5.11,242.32,Silty-Clay,Standard_V1,rice
84,50,44,25.49,81.41,5.94,182.65,Clay,Standard_V1,rice
81,53,42,23.68,81.04,5.18,233.7,Clay-Loam,Standard_V1,rice
91,50,40,20.82,84.13,6.46,230.22,Clay,Standard_V1,rice
93,53,38,26.93,81.91,7.07,290.68,Clay,Standard_V1,rice
90,44,38,23.84,83.88,7.47,241.2,Clay,Standard_V1,rice
81,45,35,26.53,80.12,6.16,218.92,Clay,Standard_V1,rice
78,40,38,26.46,83.86,7.55,248.23,Silty-Clay,Standard_V1,rice
60,51,36,22.7,82.81,6.03,257.0,Clay,Standard_V1,rice
88,46,42,22.68,83.46,6.6,194.27,Clay,Standard_V1,rice
93,47,37,21.53,82.14,6.5,295.92,Clay,Standard_V1,rice
60,55,45,21.41,83.33,5.94,287.58,Silty-Clay,Standard_V1,rice
78,35,44,26.54,84.67,7.07,183.62,Clay,Standard_V1,rice
65,37,40,23.36,83.6,5.33,188.41,Clay,Standard_V1,rice
71,54,16,22.61,63.69,5.75,87.76,Silt-Loam,Standard_V1,maize
61,44,17,26.1,71.57,6.93,102.27,Silt-Loam,Standard_V1,maize
80,43,16,23.56,71.59,6.66,66.72,Silt-Loam,Standard_V1,maize
73,58,21,19.97,57.68,6.6,60.65,Loam,Standard_V1,maize
61,38,20,18.48,62.7,5.97,65.44,Silt-Loam,Standard_V1,maize
68,41,16,21.78,57.81,6.16,102.09,Silt-Loam,Standard_V1,maize
93,41,17,25.62,66.5,6.05,105.47,Loam,Standard_V1,maize
89,60,19,25.19,66.69,5.91,78.07,Silt-Loam,Standard_V1,maize
76,44,17,20.42,62.55,5.86,65.28,Loam,Standard_V1,maize
67,60,25,24.92,66.79,5.75,109.22,Sandy-Loam,Standard_V1,maize
70,44,19,23.32,73.45,5.85,94.3,Silt-Loam,Standard_V1,maize
90,49,21,24.84,68.36,6.47,74.05,Sandy-Loam,Standard_V1,maize
62,52,16,22.28,58.84,6.97,63.87,Loam,Standard_V1,maize
92,44,16,18.88,65.77,6.08,94.76,Silt-Loam,Standard_V1,maize
66,54,21,25.19,60.2,5.92,72.12,Loam,Standard_V1,maize
63,58,22,18.25,55.28,6.2,63.72,Sandy-Loam,Standard_V1,maize
70,47,17,24.61,70.42,6.6,104.16,Loam,Standard_V1,maize
61,41,17,25.14,65.26,6.02,76.68,Silt-Loam,Standard_V1,maize
66,53,19,23.09,60.12,6.03,65.5,Silt-Loam,Standard_V1,maize
74,55,19,18.05,62.89,6.29,84.24,Sandy-Loam,Standard_V1,maize
77,57,21,24.93,73.8,6.55,79.74,Loam,Standard_V1,maize
99,50,15,18.15,71.09,5.57,88.08,Silt-Loam,Standard_V1,maize
74,56,22,18.28,66.66,6.83,80.98,Sandy-Loam,Standard_V1,maize
83,45,21,18.83,58.75,5.72,79.75,Silt-Loam,Standard_V1,maize
100,48,16,25.72,67.22,5.55,74.51,Silt-Loam,Standard_V1,maize
79,51,16,25.34,68.5,6.59,96.46,Loam,Standard_V1,maize
94,39,18,23.89,57.49,5.89,102.83,Silt-Loam,Standard_V1,maize
75,49,15,21.54,71.51,5.92,102.49,Loam,Standard_V1,maize
78,48,22,23.09,63.1,5.59,70.43,Silt-Loam,Standard_V1,maize
87,54,20,25.62,63.47,6.58,108.83,Sandy-Loam,Standard_V1,maize
87,35,25,21.45,63.16,6.18,65.89,Silt-Loam,Standard_V1,maize
63,43,19,18.52,55.53,6.64,90.99,Loam,Standard_V1,maize
84,57,25,22.54,67.99,6.49,64.41,Loam,Standard_V1,maize
64,35,23,23.02,61.89,5.68,63.04,Sandy-Loam,Standard_V1,maize
60,46,22,24.89,65.61,6.63,87.93,Silt-Loam,Standard_V1,maize
98,44,21,25.77,74.09,6.52,107.49,Silt-Loam,Standard_V1,maize
75,56,18,19.4,62.36,5.7,60.95,Sandy-Loam,Standard_V1,maize
86,55,21,21.54,59.64,6.8,109.75,Silt-Loam,Standard_V1,maize
98,35,18,23.8,74.83,6.25,91.76,Silt-Loam,Standard_V1,maize
76,57,18,18.98,74.53,6.09,94.26,Loam,Standard_V1,maize
99,56,17,24.11,73.13,6.23,71.08,Silt-Loam,Standard_V1,maize
60,44,23,24.79,70.05,5.72,76.73,Silt-Loam,Standard_V1,maize
74,48,17,21.63,60.28,6.43,69.22,Sandy-Loam,Standard_V1,maize
89,60,17,25.38,57.21,5.98,101.7,Sandy-Loam,Standard_V1,maize
69,51,23,22.22,72.85,6.8,106.62,Loam,Standard_V1,maize
96,46,22,20.58,69.0,6.5,66.29,Silt-Loam,Standard_V1,maize
61,60,15,24.88,68.74,6.27,91.26,Silt-Loam,Standard_V1,maize
74,58,18,20.04,56.36,6.73,109.02,Silt-Loam,Standard_V1,maize
74,43,23,25.95,61.89,6.33,99.58,Loam,Standard_V1,maize
63,43,17,19.29,65.47,6.81,71.32,Loam,Standard_V1,maize
99,36,20,20.58,65.35,6.67,78.35,Sandy-Loam,Standard_V1,maize
77,36,23,24.71,56.73,6.65,88.45,Loam,Standard_V1,maize
87,60,23,20.27,63.91,6.44,62.5,Silt-Loam,Standard_V1,maize
60,38,17,18.42,64.24,6.47,76.41,Silt-Loam,Standard_V1,maize
94,54,17,23.39,61.74,5.87,107.32,Loam,Standard_V1,maize
95,38,22,19.85,61.25,5.73,100.77,Silt-Loam,Standard_V1,maize
84,44,21,21.87,61.91,5.85,107.27,Silt-Loam,Standard_V1,maize
77,58,19,22.81,56.51,5.79,101.6,Loam,Standard_V1,maize
66,44,20,19.08,69.02,6.74,80.73,Loam,Standard_V1,maize
63,35,16,22.03,65.36,6.27,83.73,Silt-Loam,Standard_V1,maize
79,45,20,23.81,59.25,5.72,89.96,Silt-Loam,Standard_V1,maize
72,60,25,18.53,69.03,5.77,88.1,Silt-Loam,Standard_V1,maize
67,51,24,23.5,61.32,5.58,64.78,Sandy-Loam,Standard_V1,maize
86,36,24,26.55,72.89,5.79,73.34,Sandy-Loam,Standard_V1,maize
76,48,18,19.3,69.63,5.78,83.21,Sandy-Loam,Standard_V1,maize
75,53,18,20.69,59.44,6.86,103.65,Loam,Standard_V1,maize
81,45,23,19.33,68.03,6.19,84.23,Sandy-Loam,Standard_V1,maize
73,45,21,24.61,73.59,6.64,96.59,Loam,Standard_V1,maize
71,35,24,22.27,59.52,5.83,67.97,Loam,Standard_V1,maize
96,54,22,25.7,61.33,6.96,83.21,Sandy-Loam,Standard_V1,maize
99,39,18,19.2,68.31,6.11,87.85,Sandy-Loam,Standard_V1,maize
62,48,20,21.7,60.47,6.71,95.71,Sandy-Loam,Standard_V1,maize
86,37,16,20.52,59.21,5.56,67.61,Silt-Loam,Standard_V1,maize
94,50,19,23.3,73.63,5.87,97.59,Sandy-Loam,Standard_V1,maize
76,39,24,24.25,55.65,7.0,64.24,Silt-Loam,Standard_V1,maize
77,52,17,24.86,65.74,5.71,75.82,Loam,Standard_V1,maize
74,39,23,22.63,65.77,6.78,88.17,Silt-Loam,Standard_V1,maize
81,49,20,18.04,60.61,5.51,104.23,Sandy-Loam,Standard_V1,maize
63,42,21,23.26,72.33,5.8,67.1,Loam,Standard_V1,maize
99,38,21,22.88,71.6,6.35,67.73,Loam,Standard_V1,maize
90,52,25,25.97,69.36,6.82,103.22,Loam,Standard_V1,maize
68,40,19,26.14,66.21,6.66,107.24,Silt-Loam,Standard_V1,maize
60,57,24,18.66,61.55,6.12,75.03,Sandy-Loam,Standard_V1,maize
71,52,18,25.11,55.98,5.79,78.16,Loam,Standard_V1,maize
61,59,17,23.34,59.25,6.47,105.01,Loam,Standard_V1,maize
88,38,15,25.08,65.92,6.46,62.49,Loam,Standard_V1,maize
65,60,22,25.37,72.52,6.61,107.91,Silt-Loam,Standard_V1,maize
78,37,22,25.34,63.32,6.33,74.52,Silt-Loam,Standard_V1,maize
78,58,15,25.01,67.82,6.53,62.91,Sandy-Loam,Standard_V1,maize
92,60,23,18.67,71.52,5.72,69.93,Silt-Loam,Standard_V1,maize
79,59,17,20.38,63.74,6.64,108.51,Loam,Standard_V1,maize
91,55,15,18.09,72.61,6.38,78.96,Sandy-Loam,Standard_V1,maize
76,51,18,26.17,71.96,6.25,79.85,Loam,Standard_V1,maize
87,48,25,18.65,61.38,6.66,93.62,Loam,Standard_V1,maize
71,60,22,26.07,59.37,6.2,85.76,Silt-Loam,Standard_V1,maize
90,57,24,18.93,72.8,6.16,82.34,Sandy-Loam,Standard_V1,maize
67,35,22,23.31,63.25,6.39,108.76,Silt-Loam,Standard_V1,maize
60,54,19,18.75,62.5,6.42,70.23,Silt-Loam,Standard_V1,maize
83,58,23,19.74,59.66,6.38,65.51,Sandy-Loam,Standard_V1,maize
83,57,19,25.73,70.75,6.88,98.74,Loam,Standard_V1,maize
40,72,77,17.02,16.99,7.49,88.55,Loam,Standard_V1,chickpea
23,72,84,19.02,17.13,6.92,79.93,Sandy-Loam,Standard_V1,chickpea
39,58,85,17.89,15.41,6.0,68.55,Loam,Standard_V1,chickpea
22,72,85,18.87,15.66,6.39,88.51,Sandy-Loam,Standard_V1,chickpea
36,67,77,18.37,19.56,7.15,79.26,Sandy-Loam,Standard_V1,chickpea
32,73,81,20.45,15.4,5.99,92.68,Black,Standard_V1,chickpea
58,70,84,20.65,16.61,6.23,74.66,Sandy-Loam,Standard_V1,chickpea
59,70,84,17.33,18.75,7.55,82.62,Black,Standard_V1,chickpea
42,62,75,18.18,18.9,7.01,81.85,Loam,Standard_V1,chickpea
28,74,81,18.01,18.31,8.75,81.99,Loam,Standard_V1,chickpea
58,66,79,20.99,19.33,8.72,93.55,Loam,Standard_V1,chickpea
43,66,79,19.46,15.23,7.98,74.59,Loam,Standard_V1,chickpea
58,63,81,19.81,14.7,6.52,78.97,Black,Standard_V1,chickpea
23,62,85,18.97,19.52,8.49,80.71,Loam,Standard_V1,chickpea
27,62,77,18.2,14.71,6.58,70.18,Sandy-Loam,Standard_V1,chickpea
28,72,84,18.73,19.18,6.48,71.58,Sandy-Loam,Standard_V1,chickpea
50,56,76,21.0,19.86,7.97,73.51,Sandy-Loam,Standard_V1,chickpea
39,71,84,20.28,16.4,8.14,82.52,Black,Standard_V1,chickpea
25,78,76,17.48,15.76,7.23,66.97,Loam,Standard_V1,chickpea
31,70,77,20.89,14.32,6.49,90.46,Loam,Standard_V1,chickpea
26,80,83,17.08,16.15,7.53,71.31,Loam,Standard_V1,chickpea
25,68,77,20.09,15.11,7.7,85.75,Black,Standard_V1,chickpea
31,78,76,17.57,15.0,8.52,89.31,Sandy-Loam,Standard_V1,chickpea
60,68,83,19.12,18.43,6.62,85.53,Sandy-Loam,Standard_V1,chickpea
59,62,83,18.58,19.22,8.1,72.95,Loam,Standard_V1,chickpea
22,67,78,17.17,14.42,6.2,72.33,Sandy-Loam,Standard_V1,chickpea
36,65,80,18.29,16.68,6.05,74.87,Sandy-Loam,Standard_V1,chickpea
59,60,84,19.03,18.67,7.69,94.71,Black,Standard_V1,chickpea
54,77,85,17.14,17.07,7.83,83.75,Black,Standard_V1,chickpea
43,68,81,17.48,17.93,6.76,78.92,Black,Standard_V1,chickpea
28,76,82,20.57,14.26,6.65,83.76,Black,Standard_V1,chickpea
42,79,85,17.22,15.82,6.13,76.58,Loam,Standard_V1,chickpea
32,60,83,19.69,19.44,8.83,91.76,Black,Standard_V1,chickpea
22,78,76,17.85,19.09,8.62,76.32,Sandy-Loam,Standard_V1,chickpea
31,79,75,18.82,16.11,8.2,89.73,Loam,Standard_V1,chickpea
28,58,81,17.48,16.54,6.18,93.35,Sandy-Loam,Standard_V1,chickpea
57,58,77,18.73,17.58,7.98,81.2,Sandy-Loam,Standard_V1,chickpea
49,55,78,18.66,16.18,7.86,81.71,Sandy-Loam,Standard_V1,chickpea
46,76,77,18.24,19.69,6.97,83.75,Black,Standard_V1,chickpea
54,61,77,18.81,15.22,6.21,77.54,Black,Standard_V1,chickpea
38,60,76,18.65,17.81,8.87,77.93,Loam,Standard_V1,chickpea
59,55,79,20.37,16.9,8.77,82.25,Loam,Standard_V1,chickpea
36,76,75,18.38,16.64,8.74,70.52,Black,Standard_V1,chickpea
57,68,81,17.17,17.3,8.08,72.79,Sandy-Loam,Standard_V1,chickpea
35,66,81,19.37,15.77,6.14,85.25,Loam,Standard_V1,chickpea
35,64,78,17.93,14.27,7.5,85.37,Black,Standard_V1,chickpea
52,60,79,19.45,18.23,8.38,75.63,Black,Standard_V1,chickpea
27,76,83,19.13,14.92,6.29,89.62,Black,Standard_V1,chickpea
57,60,84,19.1,17.26,6.59,75.49,Sandy-Loam,Standard_V1,chickpea
52,68,78,17.49,16.96,6.9,86.05,Black,Standard_V1,chickpea
43,79,79,19.41,18.98,7.81,80.25,Black,Standard_V1,chickpea
44,74,85,20.19,19.64,7.15,78.26,Black,Standard_V1,chickpea
24,55,78,17.3,15.15,6.65,75.58,Black,Standard_V1,chickpea
29,77,75,17.5,15.48,7.78,72.94,Loam,Standard_V1,chickpea
20,60,78,18.17,14.7,6.36,90.78,Loam,Standard_V1,chickpea
56,67,78,17.57,16.72,8.26,77.82,Black,Standard_V1,chickpea
37,66,85,20.93,18.91,6.46,78.07,Sandy-Loam,Standard_V1,chickpea
49,71,76,19.71,17.64,6.61,85.58,Loam,Standard_V1,chickpea
59,69,80,19.08,17.87,8.17,69.41,Black,Standard_V1,chickpea
20,79,77,18.55,16.03,7.65,76.33,Loam,Standard_V1,chickpea
24,56,85,18.2,17.41,6.55,80.64,Loam,Standard_V1,chickpea
51,72,75,18.89,14.99,7.1,80.11,Sandy-Loam,Standard_V1,chickpea
57,73,85,18.49,14.72,7.36,91.95,Black,Standard_V1,chickpea
22,64,82,19.49,17.17,6.47,87.51,Black,Standard_V1,chickpea
52,73,79,17.26,18.75,7.84,94.0,Sandy-Loam,Standard_V1,chickpea
29,75,75,19.62,18.71,7.06,88.46,Sandy-Loam,Standard_V1,chickpea
44,59,78,20.68,19.85,7.6,84.78,Black,Standard_V1,chickpea
41,69,82,20.02,16.63,6.72,68.98,Black,Standard_V1,chickpea
52,56,85,20.12,14.44,6.82,88.68,Sandy-Loam,Standard_V1,chickpea
34,76,80,20.66,15.85,7.99,65.24,Loam,Standard_V1,chickpea
42,74,83,19.26,14.28,7.55,65.78,Loam,Standard_V1,chickpea
34,71,79,17.93,15.86,7.73,74.64,Sandy-Loam,Standard_V1,chickpea
27,73,79,19.16,15.84,7.35,82.7,Loam,Standard_V1,chickpea
30,70,79,20.27,19.97,7.31,69.64,Sandy-Loam,Standard_V1,chickpea
57,57,75,17.09,18.25,7.79,87.27,Loam,Standard_V1,chickpea
27,79,82,17.07,17.54,6.31,70.87,Loam,Standard_V1,chickpea
32,71,85,20.63,14.44,6.4,92.07,Black,Standard_V1,chickpea
31,76,82,20.82,17.85,7.6,79.21,Black,Standard_V1,chickpea
33,75,84,19.46,18.73,7.22,68.81,Loam,Standard_V1,chickpea
47,80,77,17.18,16.43,7.56,72.85,Loam,Standard_V1,chickpea
54,62,80,17.49,16.39,7.49,79.46,Black,Standard_V1,chickpea
47,79,78,17.48,14.76,6.61,65.11,Black,Standard_V1,chickpea
35,57,83,19.48,17.45,7.48,80.5,Black,Standard_V1,chickpea
53,73,77,19.71,18.1,7.33,73.64,Sandy-Loam,Standard_V1,chickpea
45,61,78,19.49,16.06,6.49,81.53,Loam,Standard_V1,chickpea
37,78,79,19.95,14.83,7.79,88.68,Black,Standard_V1,chickpea
30,75,81,19.42,16.8,6.41,68.5,Loam,Standard_V1,chickpea
37,55,82,19.46,18.02,8.42,78.45,Sandy-Loam,Standard_V1,chickpea
53,65,76,20.19,16.42,8.72,77.34,Sandy-Loam,Standard_V1,chickpea
22,60,85,18.84,14.74,7.81,94.78,Black,Standard_V1,chickpea
60,61,78,20.71,19.84,6.32,94.04,Sandy-Loam,Standard_V1,chickpea
42,67,77,18.99,15.94,7.11,78.7,Loam,Standard_V1,chickpea
39,76,76,19.97,15.57,8.14,69.16,Black,Standard_V1,chickpea
35,63,76,17.82,17.61,7.71,90.82,Loam,Standard_V1,chickpea
30,65,82,20.71,15.28,7.1,76.78,Loam,Standard_V1,chickpea
57,56,78,17.34,18.76,8.86,67.95,Sandy-Loam,Standard_V1,chickpea
48,65,78,17.44,14.34,7.86,73.09,Sandy-Loam,Standard_V1,chickpea
36,56,83,18.9,19.76,7.45,69.1,Sandy-Loam,Standard_V1,chickpea
40,58,75,18.59,14.78,7.17,89.61,Sandy-Loam,Standard_V1,chickpea
49,69,82,18.32,15.36,7.26,81.79,Sandy-Loam,Standard_V1,chickpea
13,60,25,17.14,20.6,5.69,128.26,Red,Standard_V1,kidneybeans
25,70,16,19.63,18.91,5.76,106.36,Loam,Standard_V1,kidneybeans
31,55,22,22.91,21.34,5.87,109.23,Loam,Standard_V1,kidneybeans
40,64,16,16.43,24.24,5.93,140.37,Loam,Standard_V1,kidneybeans
2,61,20,22.14,23.02,5.96,76.64,Loam,Standard_V1,kidneybeans
26,65,22,17.85,18.78,5.95,143.1,Silt-Loam,Standard_V1,kidneybeans
17,57,21,19.88,20.32,5.79,60.92,Loam,Standard_V1,kidneybeans
26,80,18,19.33,23.33,5.58,104.78,Red,Standard_V1,kidneybeans
17,59,17,18.42,23.43,5.69,132.98,Red,Standard_V1,kidneybeans
27,59,22,21.81,23.21,5.79,130.06,Loam,Standard_V1,kidneybeans
28,58,24,19.73,18.28,5.75,143.76,Loam,Standard_V1,kidneybeans
25,57,19,17.15,19.87,5.57,88.0,Red,Standard_V1,kidneybeans
28,80,17,19.62,18.67,5.81,144.16,Red,Standard_V1,kidneybeans
25,60,22,21.63,21.18,5.89,134.36,Silt-Loam,Standard_V1,kidneybeans
12,78,23,16.07,18.72,6.0,88.07,Red,Standard_V1,kidneybeans
6,77,25,20.61,24.36,5.79,69.64,Silt-Loam,Standard_V1,kidneybeans
22,79,17,21.42,20.4,5.91,116.52,Silt-Loam,Standard_V1,kidneybeans
27,80,15,19.07,21.21,5.79,86.22,Silt-Loam,Standard_V1,kidneybeans
10,55,23,21.19,19.63,5.73,137.19,Silt-Loam,Standard_V1,kidneybeans
23,65,20,23.04,22.43,5.83,108.37,Silt-Loam,Standard_V1,kidneybeans
19,78,16,20.65,23.11,5.97,67.72,Loam,Standard_V1,kidneybeans
19,65,25,18.1,18.29,5.63,144.79,Red,Standard_V1,kidneybeans
22,70,19,18.24,21.08,5.52,69.45,Silt-Loam,Standard_V1,kidneybeans
37,64,22,17.48,18.83,5.95,121.94,Red,Standard_V1,kidneybeans
11,71,17,19.92,21.47,5.75,82.69,Red,Standard_V1,kidneybeans
18,79,20,20.28,23.24,5.88,139.75,Silt-Loam,Standard_V1,kidneybeans
21,63,17,15.77,19.23,5.98,108.34,Loam,Standard_V1,kidneybeans
24,80,22,16.71,19.18,5.64,96.77,Silt-Loam,Standard_V1,kidneybeans
34,60,22,17.66,18.15,5.64,100.67,Loam,Standard_V1,kidneybeans
16,75,21,18.51,23.62,5.68,87.05,Red,Standard_V1,kidneybeans
17,77,23,24.51,20.82,5.67,64.19,Loam,Standard_V1,kidneybeans
37,72,18,18.88,24.54,5.72,105.41,Loam,Standard_V1,kidneybeans
40,73,20,21.59,20.32,5.81,61.14,Loam,Standard_V1,kidneybeans
9,77,17,20.12,24.45,5.78,106.16,Red,Standard_V1,kidneybeans
1,62,23,15.44,18.37,5.61,139.03,Red,Standard_V1,kidneybeans
33,59,22,22.64,21.59,5.95,122.39,Loam,Standard_V1,kidneybeans
23,59,19,21.99,24.87,5.85,129.57,Loam,Standard_V1,kidneybeans
6,62,22,20.53,18.09,5.82,120.45,Silt-Loam,Standard_V1,kidneybeans
25,63,20,15.79,21.15,5.5,95.17,Loam,Standard_V1,kidneybeans
7,79,23,19.64,19.69,5.82,96.66,Silt-Loam,Standard_V1,kidneybeans
8,72,17,20.57,19.75,5.71,87.88,Loam,Standard_V1,kidneybeans
27,64,15,20.16,24.84,5.51,138.24,Silt-Loam,Standard_V1,kidneybeans
28,66,23,21.54,24.25,6.0,120.69,Red,Standard_V1,kidneybeans
32,57,18,15.54,23.76,5.7,107.39,Loam,Standard_V1,kidneybeans
27,56,22,19.92,20.7,5.83,108.64,Loam,Standard_V1,kidneybeans
17,77,24,20.77,18.93,5.57,109.02,Loam,Standard_V1,kidneybeans
0,65,15,23.46,23.22,5.65,95.84,Loam,Standard_V1,kidneybeans
13,72,21,24.32,21.03,5.82,60.28,Silt-Loam,Standard_V1,kidneybeans
34,60,23,20.13,24.97,5.66,100.05,Loam,Standard_V1,kidneybeans
9,80,19,21.81,18.57,5.95,125.1,Red,Standard_V1,kidneybeans
11,72,20,19.52,24.93,5.95,113.33,Red,Standard_V1,kidneybeans
3,67,24,17.0,19.91,5.52,103.29,Loam,Standard_V1,kidneybeans
35,69,23,16.79,24.97,5.58,75.45,Red,Standard_V1,kidneybeans
3,77,25,24.85,22.89,5.61,62.21,Loam,Standard_V1,kidneybeans
23,62,19,16.52,20.46,5.61,98.78,Loam,Standard_V1,kidneybeans
22,71,17,18.15,19.39,5.51,107.69,Red,Standard_V1,kidneybeans
31,79,25,23.19,22.31,5.9,63.38,Loam,Standard_V1,kidneybeans
34,59,18,23.38,21.99,5.74,87.67,Red,Standard_V1,kidneybeans
12,63,17,18.36,19.38,5.72,138.41,Silt-Loam,Standard_V1,kidneybeans
27,56,20,19.26,20.51,5.54,94.95,Loam,Standard_V1,kidneybeans
7,63,24,22.95,24.04,5.86,107.73,Silt-Loam,Standard_V1,kidneybeans
24,67,22,20.12,22.9,5.62,104.63,Red,Standard_V1,kidneybeans
11,71,24,21.14,22.72,5.61,141.61,Silt-Loam,Standard_V1,kidneybeans
37,74,15,24.92,18.23,5.58,62.71,Silt-Loam,Standard_V1,kidneybeans
25,76,24,15.33,24.92,5.57,135.33,Red,Standard_V1,kidneybeans
34,66,17,18.81,21.28,5.89,125.08,Silt-Loam,Standard_V1,kidneybeans
20,69,15,23.44,22.77,5.93,107.41,Silt-Loam,Standard_V1,kidneybeans
37,65,16,22.84,18.97,5.68,63.59,Red,Standard_V1,kidneybeans
18,74,15,24.9,22.28,5.71,146.47,Silt-Loam,Standard_V1,kidneybeans
4,67,25,23.79,24.36,5.95,119.64,Red,Standard_V1,kidneybeans
37,56,25,22.06,19.6,5.77,126.73,Silt-Loam,Standard_V1,kidneybeans
5,59,15,18.87,20.18,5.97,134.18,Red,Standard_V1,kidneybeans
11,61,21,18.62,23.02,5.53,135.34,Red,Standard_V1,kidneybeans
22,80,20,23.01,18.87,5.67,100.12,Silt-Loam,Standard_V1,kidneybeans
12,61,19,19.33,24.14,5.66,68.51,Silt-Loam,Standard_V1,kidneybeans
5,74,21,16.24,21.36,5.59,66.97,Silt-Loam,Standard_V1,kidneybeans
27,69,22,17.92,24.91,5.93,69.15,Loam,Standard_V1,kidneybeans
31,75,18,15.47,21.44,5.82,88.89,Loam,Standard_V1,kidneybeans
36,68,20,17.06,23.77,5.86,81.83,Loam,Standard_V1,kidneybeans
5,65,16,21.33,18.49,5.87,109.1,Red,Standard_V1,kidneybeans
32,79,15,23.91,20.75,5.71,81.6,Silt-Loam,Standard_V1,kidneybeans
11,78,22,23.9,22.74,5.94,112.66,Red,Standard_V1,kidneybeans
0,55,22,22.99,20.58,5.92,143.86,Loam,Standard_V1,kidneybeans
14,59,15,21.35,22.91,5.78,146.45,Silt-Loam,Standard_V1,kidneybeans
29,68,23,24.16,19.28,5.83,116.73,Red,Standard_V1,kidneybeans
32,68,19,24.63,18.18,5.51,149.74,Silt-Loam,Standard_V1,kidneybeans
17,64,17,21.02,24.94,5.66,124.61,Red,Standard_V1,kidneybeans
13,69,19,17.31,20.02,5.86,115.2,Silt-Loam,Standard_V1,kidneybeans
14,67,22,23.83,24.75,5.62,84.64,Loam,Standard_V1,kidneybeans
9,69,20,19.31,23.96,5.59,129.34,Loam,Standard_V1,kidneybeans
20,73,22,16.04,22.33,5.98,130.39,Silt-Loam,Standard_V1,kidneybeans
40,78,20,19.19,20.83,5.67,80.15,Red,Standard_V1,kidneybeans
27,72,23,19.93,21.8,5.96,64.03,Loam,Standard_V1,kidneybeans
14,67,15,19.56,24.67,5.69,139.29,Loam,Standard_V1,kidneybeans
7,56,18,18.31,24.33,5.7,76.14,Loam,Standard_V1,kidneybeans
27,65,18,20.11,23.22,5.6,73.36,Silt-Loam,Standard_V1,kidneybeans
30,63,16,23.61,21.91,5.53,100.6,Silt-Loam,Standard_V1,kidneybeans
37,70,25,19.73,24.89,5.82,84.06,Red,Standard_V1,kidneybeans
27,63,19,20.93,21.19,5.56,133.19,Red,Standard_V1,kidneybeans
22,60,24,18.78,20.25,5.63,104.26,Red,Standard_V1,kidneybeans
3,72,24,36.51,57.93,6.03,122.65,Sandy-Loam,Standard_V1,pigeonpeas
40,59,23,36.89,62.73,5.27,163.73,Sandy-Loam,Standard_V1,pigeonpeas
33,73,23,29.24,59.39,5.99,103.33,Red-Loam,Standard_V1,pigeonpeas
27,57,24,27.34,43.36,6.09,142.33,Red-Loam,Standard_V1,pigeonpeas
10,79,18,21.06,55.47,5.62,184.62,Sandy-Loam,Standard_V1,pigeonpeas
30,75,25,30.33,42.35,6.45,149.3,Red-Loam,Standard_V1,pigeonpeas
40,70,20,31.8,45.03,5.62,147.04,Loam,Standard_V1,pigeonpeas
38,55,19,33.18,38.23,5.86,198.83,Sandy-Loam,Standard_V1,pigeonpeas
35,58,20,29.39,63.48,5.76,90.05,Red-Loam,Standard_V1,pigeonpeas
38,61,21,30.27,67.39,4.7,127.78,Sandy-Loam,Standard_V1,pigeonpeas
33,58,24,35.46,68.76,5.27,108.63,Loam,Standard_V1,pigeonpeas
16,56,17,33.8,40.03,7.45,176.62,Sandy-Loam,Standard_V1,pigeonpeas
31,72,17,28.69,49.47,5.83,96.36,Sandy-Loam,Standard_V1,pigeonpeas
16,80,20,31.24,56.67,7.34,122.01,Sandy-Loam,Standard_V1,pigeonpeas
27,72,17,28.98,57.23,6.35,120.74,Sandy-Loam,Standard_V1,pigeonpeas
40,62,19,27.32,34.14,4.7,96.52,Loam,Standard_V1,pigeonpeas
18,58,16,21.48,38.8,4.96,180.38,Sandy-Loam,Standard_V1,pigeonpeas
3,68,16,18.32,34.7,4.96,107.47,Sandy-Loam,Standard_V1,pigeonpeas
26,67,24,36.98,37.74,5.64,161.48,Red-Loam,Standard_V1,pigeonpeas
16,70,20,24.8,40.12,5.61,121.56,Sandy-Loam,Standard_V1,pigeonpeas
24,63,19,19.35,55.97,4.68,194.59,Red-Loam,Standard_V1,pigeonpeas
9,76,25,28.88,50.12,5.71,179.22,Loam,Standard_V1,pigeonpeas
16,55,19,19.54,47.19,6.41,192.44,Loam,Standard_V1,pigeonpeas
28,75,21,24.77,50.55,6.01,114.28,Loam,Standard_V1,pigeonpeas
16,71,24,18.33,38.41,4.95,139.65,Loam,Standard_V1,pigeonpeas
24,70,21,19.15,45.37,5.52,132.77,Red-Loam,Standard_V1,pigeonpeas
38,72,21,28.23,49.44,5.9,186.5,Sandy-Loam,Standard_V1,pigeonpeas
9,66,21,30.12,34.13,5.72,157.09,Loam,Standard_V1,pigeonpeas
34,56,17,33.41,35.43,4.55,139.67,Sandy-Loam,Standard_V1,pigeonpeas
1,76,19,24.19,46.69,6.67,177.34,Red-Loam,Standard_V1,pigeonpeas
6,69,19,26.89,41.7,4.75,94.47,Red-Loam,Standard_V1,pigeonpeas
26,73,21,31.33,57.97,4.95,161.78,Red-Loam,Standard_V1,pigeonpeas
27,61,18,33.31,67.08,5.27,108.51,Loam,Standard_V1,pigeonpeas
27,71,23,23.45,46.49,7.11,150.87,Sandy-Loam,Standard_V1,pigeonpeas
36,61,21,34.54,39.04,5.62,168.59,Sandy-Loam,Standard_V1,pigeonpeas
17,73,18,19.5,34.51,5.63,197.38,Sandy-Loam,Standard_V1,pigeonpeas
26,72,22,28.77,37.58,4.67,91.72,Red-Loam,Standard_V1,pigeonpeas
17,64,16,30.98,32.25,7.16,180.72,Loam,Standard_V1,pigeonpeas
14,74,19,18.4,36.83,6.62,93.12,Red-Loam,Standard_V1,pigeonpeas
39,60,15,35.09,30.99,5.0,116.91,Red-Loam,Standard_V1,pigeonpeas
6,66,15,34.93,30.4,6.35,159.26,Sandy-Loam,Standard_V1,pigeonpeas
8,59,18,29.51,35.72,6.22,187.9,Red-Loam,Standard_V1,pigeonpeas
2,67,18,34.52,47.53,5.92,129.01,Sandy-Loam,Standard_V1,pigeonpeas
1,76,17,28.43,52.1,6.01,147.04,Loam,Standard_V1,pigeonpeas
16,73,19,18.42,34.81,4.68,163.27,Sandy-Loam,Standard_V1,pigeonpeas
23,75,25,31.08,47.2,7.08,91.31,Loam,Standard_V1,pigeonpeas
32,70,20,20.89,46.25,6.21,195.57,Sandy-Loam,Standard_V1,pigeonpeas
28,59,22,30.91,52.8,7.05,170.99,Red-Loam,Standard_V1,pigeonpeas
5,62,23,27.93,66.45,4.72,145.37,Red-Loam,Standard_V1,pigeonpeas
36,67,25,35.95,36.53,6.42,136.05,Loam,Standard_V1,pigeonpeas
1,66,23,19.54,56.93,4.8,173.17,Loam,Standard_V1,pigeonpeas
24,73,20,19.64,32.32,4.61,176.41,Loam,Standard_V1,pigeonpeas
17,67,18,31.22,56.47,5.61,129.2,Sandy-Loam,Standard_V1,pigeonpeas
5,55,18,33.51,45.71,7.32,126.67,Sandy-Loam,Standard_V1,pigeonpeas
5,56,24,24.81,45.01,5.02,188.49,Loam,Standard_V1,pigeonpeas
37,77,17,36.21,31.95,5.62,191.07,Red-Loam,Standard_V1,pigeonpeas
13,73,20,30.5,35.49,5.39,162.59,Sandy-Loam,Standard_V1,pigeonpeas
6,63,23,26.02,49.95,5.91,160.33,Sandy-Loam,Standard_V1,pigeonpeas
16,77,22,31.48,35.64,6.57,100.55,Sandy-Loam,Standard_V1,pigeonpeas
25,64,20,33.15,32.46,4.81,105.04,Loam,Standard_V1,pigeonpeas
34,75,24,23.5,51.29,4.76,192.3,Loam,Standard_V1,pigeonpeas
20,77,23,34.87,38.84,5.18,148.25,Loam,Standard_V1,pigeonpeas
35,80,25,28.09,44.93,4.9,197.11,Loam,Standard_V1,pigeonpeas
14,75,24,24.55,57.34,6.44,118.36,Loam,Standard_V1,pigeonpeas
36,80,21,33.65,48.41,7.07,100.47,Red-Loam,Standard_V1,pigeonpeas
7,77,18,20.56,60.55,6.66,191.09,Red-Loam,Standard_V1,pigeonpeas
29,78,25,19.96,59.33,5.98,195.79,Loam,Standard_V1,pigeonpeas
30,60,21,28.88,62.49,5.46,182.27,Sandy-Loam,Standard_V1,pigeonpeas
20,74,16,36.04,43.61,4.76,159.89,Loam,Standard_V1,pigeonpeas
19,57,23,23.67,47.29,7.34,141.13,Red-Loam,Standard_V1,pigeonpeas
3,60,19,25.75,40.72,4.82,100.78,Red-Loam,Standard_V1,pigeonpeas
5,77,19,31.09,66.69,6.24,175.93,Sandy-Loam,Standard_V1,pigeonpeas
5,68,20,18.73,61.33,5.0,139.87,Red-Loam,Standard_V1,pigeonpeas
37,73,21,29.5,63.47,5.56,189.52,Loam,Standard_V1,pigeonpeas
9,59,24,20.44,39.37,4.75,137.23,Sandy-Loam,Standard_V1,pigeonpeas
20,72,15,36.0,56.01,7.31,134.86,Loam,Standard_V1,pigeonpeas
31,56,23,31.47,35.39,5.66,174.57,Loam,Standard_V1,pigeonpeas
0,70,21,36.3,56.03,4.67,101.61,Sandy-Loam,Standard_V1,pigeonpeas
21,74,15,29.49,67.11,6.47,153.25,Loam,Standard_V1,pigeonpeas
13,67,18,30.58,34.76,5.38,177.58,Red-Loam,Standard_V1,pigeonpeas
27,74,20,24.69,59.97,5.86,91.96,Loam,Standard_V1,pigeonpeas
29,72,24,23.17,36.68,6.96,162.59,Sandy-Loam,Standard_V1,pigeonpeas
5,68,20,19.04,33.11,6.12,155.37,Sandy-Loam,Standard_V1,pigeonpeas
39,57,19,29.32,45.93,6.42,165.41,Sandy-Loam,Standard_V1,pigeonpeas
22,62,16,34.65,54.32,4.83,180.9,Loam,Standard_V1,pigeonpeas
18,55,23,22.0,56.31,6.99,136.83,Sandy-Loam,Standard_V1,pigeonpeas
39,77,21,23.0,60.24,4.6,159.69,Sandy-Loam,Standard_V1,pigeonpeas
13,75,20,30.56,35.29,6.98,178.9,Loam,Standard_V1,pigeonpeas
27,71,24,31.46,48.18,7.06,165.41,Red-Loam,Standard_V1,pigeonpeas
26,64,22,25.95,40.58,5.17,109.18,Loam,Standard_V1,pigeonpeas
23,55,16,21.01,69.69,5.11,185.2,Sandy-Loam,Standard_V1,pigeonpeas
4,69,19,19.25,47.7,5.37,149.06,Sandy-Loam,Standard_V1,pigeonpeas
20,67,19,19.24,50.54,5.67,180.65,Loam,Standard_V1,pigeonpeas
7,74,17,22.47,62.57,5.67,96.75,Red-Loam,Standard_V1,pigeonpeas
17,64,18,36.75,58.26,6.08,124.6,Sandy-Loam,Standard_V1,pigeonpeas
35,71,17,29.89,66.35,6.93,198.14,Sandy-Loam,Standard_V1,pigeonpeas
11,72,22,29.38,44.82,6.84,172.4,Sandy-Loam,Standard_V1,pigeonpeas
20,60,22,29.65,42.9,6.88,186.92,Loam,Standard_V1,pigeonpeas
10,71,18,19.54,66.35,6.15,173.11,Sandy-Loam,Standard_V1,pigeonpeas
33,61,24,20.05,48.94,4.57,122.46,Red-Loam,Standard_V1,pigeonpeas
3,49,18,27.91,64.71,3.69,32.68,Sandy-Loam,Standard_V1,mothbeans
22,59,23,27.32,51.28,4.37,36.5,Sandy-Loam,Standard_V1,mothbeans
36,58,25,28.66,59.32,8.4,36.93,Arid,Standard_V1,mothbeans
4,43,18,29.03,61.09,8.84,72.98,Sandy-Loam,Standard_V1,mothbeans
29,54,16,27.78,54.65,8.15,32.05,Sandy,Standard_V1,mothbeans
32,43,22,32.0,54.11,5.27,71.63,Sandy,Standard_V1,mothbeans
14,55,15,27.34,55.28,8.05,73.45,Sandy,Standard_V1,mothbeans
5,35,20,28.93,53.57,9.68,66.36,Arid,Standard_V1,mothbeans
25,57,24,27.65,58.6,6.97,36.94,Sandy-Loam,Standard_V1,mothbeans
11,53,24,28.52,55.77,7.39,61.33,Sandy,Standard_V1,mothbeans
40,49,17,31.02,45.89,6.69,53.57,Arid,Standard_V1,mothbeans
38,56,25,25.74,45.38,7.88,67.43,Sandy-Loam,Standard_V1,mothbeans
27,43,23,31.7,56.85,5.88,44.94,Arid,Standard_V1,mothbeans
24,38,22,24.48,58.52,8.2,34.97,Sandy,Standard_V1,mothbeans
23,45,21,31.47,51.8,8.99,74.44,Sandy,Standard_V1,mothbeans
29,57,20,25.61,50.73,5.88,53.39,Sandy,Standard_V1,mothbeans
31,35,23,30.3,47.18,7.71,68.04,Arid,Standard_V1,mothbeans
0,55,25,28.17,43.67,4.52,45.78,Arid,Standard_V1,mothbeans
7,45,22,25.51,44.83,9.93,74.33,Sandy,Standard_V1,mothbeans
17,58,25,31.13,43.59,6.46,32.77,Arid,Standard_V1,mothbeans
11,44,17,26.34,55.59,8.02,35.11,Sandy,Standard_V1,mothbeans
22,49,22,28.23,61.56,3.71,72.67,Sandy,Standard_V1,mothbeans
9,51,19,27.04,49.33,5.49,48.25,Sandy-Loam,Standard_V1,mothbeans
28,48,15,25.16,55.25,9.25,40.9,Arid,Standard_V1,mothbeans
26,50,19,27.32,51.67,6.01,32.56,Sandy,Standard_V1,mothbeans
36,56,20,25.41,49.66,7.44,31.87,Sandy,Standard_V1,mothbeans
8,60,18,31.22,46.02,3.81,53.12,Arid,Standard_V1,mothbeans
24,37,21,30.57,58.23,5.82,62.75,Sandy-Loam,Standard_V1,mothbeans
22,43,24,25.43,53.22,4.52,46.19,Sandy-Loam,Standard_V1,mothbeans
36,43,24,27.09,43.65,3.51,41.54,Sandy,Standard_V1,mothbeans
22,44,24,24.31,56.33,6.03,59.0,Arid,Standard_V1,mothbeans
17,43,22,30.06,45.9,5.5,41.06,Sandy-Loam,Standard_V1,mothbeans
8,45,15,28.1,60.98,4.61,33.84,Arid,Standard_V1,mothbeans
7,56,23,26.34,40.01,5.55,55.5,Arid,Standard_V1,mothbeans
36,57,16,28.61,57.14,8.29,57.03,Sandy,Standard_V1,mothbeans
11,45,19,28.7,44.36,3.83,44.12,Sandy-Loam,Standard_V1,mothbeans
6,36,22,24.22,59.79,8.87,42.25,Sandy,Standard_V1,mothbeans
17,57,20,28.51,45.2,3.79,66.18,Sandy-Loam,Standard_V1,mothbeans
4,47,20,25.98,64.96,4.19,72.19,Sandy-Loam,Standard_V1,mothbeans
9,49,16,30.88,41.37,7.66,55.05,Sandy-Loam,Standard_V1,mothbeans
25,51,24,25.5,61.67,9.39,65.08,Sandy-Loam,Standard_V1,mothbeans
36,44,21,25.13,51.33,4.52,38.49,Sandy-Loam,Standard_V1,mothbeans
21,38,20,27.11,63.57,5.79,62.2,Arid,Standard_V1,mothbeans
37,57,20,31.1,44.82,7.35,70.8,Sandy,Standard_V1,mothbeans
32,48,18,26.46,56.4,5.99,64.16,Arid,Standard_V1,mothbeans
29,44,20,30.04,63.56,8.62,31.83,Sandy-Loam,Standard_V1,mothbeans
25,51,18,27.78,54.82,9.46,50.28,Sandy,Standard_V1,mothbeans
10,44,24,30.99,43.02,8.03,58.28,Sandy-Loam,Standard_V1,mothbeans
23,35,18,26.49,47.37,5.41,36.99,Sandy,Standard_V1,mothbeans
9,60,23,31.97,57.17,6.28,64.26,Arid,Standard_V1,mothbeans
3,58,21,25.36,46.83,9.16,55.61,Sandy,Standard_V1,mothbeans
22,42,22,25.54,56.97,7.89,48.47,Sandy,Standard_V1,mothbeans
12,39,21,28.99,62.86,8.18,70.47,Sandy,Standard_V1,mothbeans
39,36,22,29.34,60.5,9.07,34.03,Sandy,Standard_V1,mothbeans
32,41,16,28.64,61.39,7.7,68.55,Sandy,Standard_V1,mothbeans
30,41,15,24.83,44.17,5.89,52.08,Sandy-Loam,Standard_V1,mothbeans
19,36,22,25.45,58.55,6.16,57.05,Sandy,Standard_V1,mothbeans
4,46,15,31.01,62.4,3.5,63.77,Sandy,Standard_V1,mothbeans
21,39,20,27.06,52.3,7.39,60.75,Arid,Standard_V1,mothbeans
35,57,25,27.1,42.26,8.34,71.13,Sandy,Standard_V1,mothbeans
22,55,24,28.57,57.31,8.66,64.53,Arid,Standard_V1,mothbeans
35,51,17,28.8,49.84,3.56,40.86,Sandy-Loam,Standard_V1,mothbeans
17,56,17,27.94,45.41,5.96,69.66,Sandy,Standard_V1,mothbeans
28,57,17,30.48,61.58,9.42,61.87,Arid,Standard_V1,mothbeans
22,36,16,30.58,50.77,8.18,64.59,Arid,Standard_V1,mothbeans
11,41,19,26.86,41.81,5.13,44.14,Sandy-Loam,Standard_V1,mothbeans
38,38,18,26.31,61.19,6.29,35.73,Sandy,Standard_V1,mothbeans
23,37,24,28.78,44.23,7.99,33.96,Sandy,Standard_V1,mothbeans
25,35,20,28.9,43.35,8.92,71.9,Arid,Standard_V1,mothbeans
40,45,20,29.38,57.7,6.88,38.34,Sandy,Standard_V1,mothbeans
23,58,19,24.17,58.25,5.24,59.19,Arid,Standard_V1,mothbeans
2,56,23,26.65,59.79,7.55,36.92,Sandy,Standard_V1,mothbeans
3,56,17,28.2,53.51,8.71,52.14,Arid,Standard_V1,mothbeans
26,51,25,28.76,52.63,7.79,55.22,Sandy,Standard_V1,mothbeans
39,42,20,29.35,61.25,8.06,40.83,Sandy-Loam,Standard_V1,mothbeans
27,59,20,28.01,52.61,4.4,36.01,Sandy,Standard_V1,mothbeans
24,45,19,26.86,48.82,5.95,34.74,Sandy,Standard_V1,mothbeans
7,40,17,31.21,40.93,8.53,53.79,Sandy-Loam,Standard_V1,mothbeans
15,45,23,24.2,61.43,7.22,46.02,Sandy,Standard_V1,mothbeans
26,52,23,29.99,49.6,4.93,52.93,Sandy-Loam,Standard_V1,mothbeans
20,45,16,29.94,54.62,4.63,45.44,Sandy,Standard_V1,mothbeans
34,54,24,31.21,41.56,5.03,68.8,Arid,Standard_V1,mothbeans
19,51,25,26.8,48.24,3.53,43.88,Arid,Standard_V1,mothbeans
29,41,21,31.49,62.85,8.87,64.57,Sandy,Standard_V1,mothbeans
20,50,22,31.0,46.43,9.41,38.32,Sandy,Standard_V1,mothbeans
11,40,23,29.61,63.05,5.8,50.2,Sandy,Standard_V1,mothbeans
15,54,15,29.98,57.03,8.35,44.86,Arid,Standard_V1,mothbeans
35,55,22,30.89,52.63,8.63,55.52,Sandy,Standard_V1,mothbeans
9,59,25,30.39,60.16,7.7,35.37,Arid,Standard_V1,mothbeans
40,45,18,30.44,55.21,5.26,30.92,Sandy-Loam,Standard_V1,mothbeans
35,38,19,25.33,63.18,9.11,32.71,Arid,Standard_V1,mothbeans
14,58,17,30.54,59.97,4.61,33.49,Arid,Standard_V1,mothbeans
40,55,18,30.38,40.59,7.12,47.95,Sandy-Loam,Standard_V1,mothbeans
18,36,23,24.02,53.77,7.21,35.03,Arid,Standard_V1,mothbeans
35,52,15,28.7,61.15,9.94,65.68,Sandy,Standard_V1,mothbeans
4,59,22,29.34,49.0,8.91,42.44,Sandy,Standard_V1,mothbeans
22,51,16,27.97,61.35,8.64,70.1,Arid,Standard_V1,mothbeans
33,47,17,24.87,48.28,8.62,63.92,Sandy,Standard_V1,mothbeans
2,51,17,25.88,45.96,5.84,38.53,Arid,Standard_V1,mothbeans
16,51,21,31.02,49.98,3.53,32.81,Sandy,Standard_V1,mothbeans
19,55,20,27.43,87.81,7.19,54.73,Loam,Standard_V1,mungbean
8,54,20,28.33,80.77,7.03,38.8,Alluvial,Standard_V1,mungbean
36,55,20,27.01,84.34,6.64,55.3,Loam,Standard_V1,mungbean
10,56,16,28.17,81.05,6.83,36.36,Alluvial,Standard_V1,mungbean
22,56,17,29.88,87.33,6.89,44.75,Loam,Standard_V1,mungbean
9,57,24,29.89,89.72,7.17,42.99,Loam,Standard_V1,mungbean
34,59,23,28.56,83.25,6.94,56.48,Sandy-Loam,Standard_V1,mungbean
31,51,25,27.54,85.57,7.2,53.02,Sandy-Loam,Standard_V1,mungbean
0,49,18,29.68,87.94,6.99,41.82,Alluvial,Standard_V1,mungbean
21,39,20,28.14,82.12,7.06,46.76,Sandy-Loam,Standard_V1,mungbean
28,35,22,29.53,86.73,7.16,59.87,Alluvial,Standard_V1,mungbean
17,52,17,27.88,86.45,6.36,44.64,Sandy-Loam,Standard_V1,mungbean
24,42,23,28.22,82.36,6.43,44.01,Loam,Standard_V1,mungbean
28,46,16,29.01,84.96,6.66,45.91,Alluvial,Standard_V1,mungbean
21,38,21,29.76,86.45,6.64,37.55,Alluvial,Standard_V1,mungbean
34,60,25,29.78,85.17,6.79,40.78,Loam,Standard_V1,mungbean
19,53,22,27.86,80.45,6.85,42.83,Alluvial,Standard_V1,mungbean
31,58,15,27.11,84.97,7.12,51.53,Alluvial,Standard_V1,mungbean
19,35,24,27.11,83.64,6.88,49.12,Sandy-Loam,Standard_V1,mungbean
24,53,17,28.95,89.08,6.42,57.66,Alluvial,Standard_V1,mungbean
13,47,20,29.22,87.94,6.54,43.14,Loam,Standard_V1,mungbean
31,53,16,28.74,85.82,6.45,48.55,Sandy-Loam,Standard_V1,mungbean
28,45,23,29.65,80.3,6.49,56.76,Sandy-Loam,Standard_V1,mungbean
31,37,21,27.24,86.4,6.71,37.31,Loam,Standard_V1,mungbean
33,60,15,28.95,81.67,6.51,56.51,Loam,Standard_V1,mungbean
34,45,21,28.19,82.61,6.29,37.01,Sandy-Loam,Standard_V1,mungbean
13,57,25,28.3,86.21,6.86,50.47,Alluvial,Standard_V1,mungbean
33,57,17,27.9,88.72,6.78,57.8,Sandy-Loam,Standard_V1,mungbean
32,57,22,28.69,87.5,6.77,44.57,Loam,Standard_V1,mungbean
23,59,25,27.83,88.73,6.32,56.69,Sandy-Loam,Standard_V1,mungbean
35,41,18,28.71,81.59,6.71,59.87,Loam,Standard_V1,mungbean
6,48,24,28.64,84.61,6.79,48.48,Sandy-Loam,Standard_V1,mungbean
29,36,25,28.29,88.44,7.13,48.57,Alluvial,Standard_V1,mungbean
4,36,22,27.61,86.13,7.01,43.8,Sandy-Loam,Standard_V1,mungbean
10,59,22,28.61,86.99,7.16,36.95,Sandy-Loam,Standard_V1,mungbean
14,48,21,29.25,84.8,6.99,53.43,Loam,Standard_V1,mungbean
8,50,21,28.63,89.11,6.22,50.5,Loam,Standard_V1,mungbean
20,40,15,29.57,88.08,7.2,45.04,Loam,Standard_V1,mungbean
36,43,22,27.83,87.17,6.39,58.37,Sandy-Loam,Standard_V1,mungbean
14,57,15,29.88,83.15,6.62,40.12,Alluvial,Standard_V1,mungbean
11,60,23,27.34,88.5,7.03,51.1,Loam,Standard_V1,mungbean
10,59,15,29.83,89.3,6.32,58.87,Loam,Standard_V1,mungbean
7,60,25,28.28,82.76,6.4,56.05,Sandy-Loam,Standard_V1,mungbean
2,47,15,29.87,85.99,6.4,58.41,Loam,Standard_V1,mungbean
20,45,22,29.59,89.99,6.9,54.96,Alluvial,Standard_V1,mungbean
2,39,15,28.07,82.91,6.48,49.62,Alluvial,Standard_V1,mungbean
27,40,24,27.84,90.0,7.06,52.85,Loam,Standard_V1,mungbean
35,48,15,27.11,87.45,6.98,55.04,Loam,Standard_V1,mungbean
4,59,25,27.69,81.94,6.23,54.62,Sandy-Loam,Standard_V1,mungbean
1,48,24,29.35,85.6,6.23,59.04,Alluvial,Standard_V1,mungbean
36,43,21,28.36,84.86,7.14,52.93,Alluvial,Standard_V1,mungbean
11,46,24,27.65,89.81,6.46,56.53,Loam,Standard_V1,mungbean
34,47,19,27.31,85.45,6.57,53.15,Sandy-Loam,Standard_V1,mungbean
21,44,18,27.07,86.9,7.13,50.47,Alluvial,Standard_V1,mungbean
17,58,20,28.07,85.92,6.43,39.24,Alluvial,Standard_V1,mungbean
25,40,21,27.73,81.14,6.25,44.18,Sandy-Loam,Standard_V1,mungbean
2,38,18,27.54,89.93,6.62,45.49,Sandy-Loam,Standard_V1,mungbean
9,48,20,29.66,84.28,6.38,56.1,Alluvial,Standard_V1,mungbean
37,49,25,29.91,85.85,6.42,41.39,Alluvial,Standard_V1,mungbean
36,38,15,28.36,87.6,6.32,58.0,Sandy-Loam,Standard_V1,mungbean
40,58,15,29.46,87.61,6.98,43.15,Alluvial,Standard_V1,mungbean
30,44,16,29.73,82.89,6.44,50.92,Loam,Standard_V1,mungbean
1,59,23,27.47,87.18,7.18,43.78,Loam,Standard_V1,mungbean
9,48,22,27.77,87.1,6.4,49.51,Sandy-Loam,Standard_V1,mungbean
14,41,17,29.13,88.48,7.09,36.45,Sandy-Loam,Standard_V1,mungbean
35,52,19,27.11,89.9,6.7,37.46,Sandy-Loam,Standard_V1,mungbean
31,48,17,28.88,86.94,6.59,53.8,Loam,Standard_V1,mungbean
4,41,20,28.15,83.8,6.65,37.45,Alluvial,Standard_V1,mungbean
30,37,25,29.89,80.14,7.12,54.8,Loam,Standard_V1,mungbean
9,35,20,27.42,80.98,6.91,40.53,Alluvial,Standard_V1,mungbean
20,41,20,29.27,89.49,7.07,50.92,Loam,Standard_V1,mungbean
37,50,23,29.65,88.49,6.53,56.02,Alluvial,Standard_V1,mungbean
34,35,21,28.45,82.68,6.68,58.19,Loam,Standard_V1,mungbean
14,37,15,27.96,83.98,6.58,48.94,Sandy-Loam,Standard_V1,mungbean
23,39,22,29.26,81.98,6.86,42.02,Loam,Standard_V1,mungbean
5,45,21,28.36,88.01,6.49,43.05,Alluvial,Standard_V1,mungbean
22,37,20,27.63,86.49,6.61,39.26,Loam,Standard_V1,mungbean
40,51,17,28.66,86.12,6.86,50.02,Loam,Standard_V1,mungbean
27,56,20,29.21,87.11,6.42,51.54,Loam,Standard_V1,mungbean
31,40,22,29.41,86.16,6.37,53.35,Sandy-Loam,Standard_V1,mungbean
38,36,21,28.03,84.88,6.56,36.12,Loam,Standard_V1,mungbean
6,37,17,28.09,80.35,6.76,38.14,Sandy-Loam,Standard_V1,mungbean
6,47,18,29.16,80.28,6.72,40.17,Sandy-Loam,Standard_V1,mungbean
24,44,17,29.86,80.03,6.67,50.66,Loam,Standard_V1,mungbean
25,59,19,29.07,83.69,6.63,43.95,Loam,Standard_V1,mungbean
32,56,21,27.39,88.67,6.7,58.3,Loam,Standard_V1,mungbean
8,45,18,27.93,85.42,7.01,43.25,Alluvial,Standard_V1,mungbean
19,39,17,29.28,81.8,6.89,44.47,Loam,Standard_V1,mungbean
39,37,15,29.0,83.79,6.82,59.84,Sandy-Loam,Standard_V1,mungbean
33,37,19,27.93,86.55,7.18,43.48,Loam,Standard_V1,mungbean
26,54,17,28.55,88.96,6.27,49.49,Alluvial,Standard_V1,mungbean
21,51,15,29.36,89.19,6.68,48.3,Loam,Standard_V1,mungbean
22,54,20,28.56,83.64,6.69,41.01,Alluvial,Standard_V1,mungbean
29,45,16,28.44,87.91,6.58,43.12,Alluvial,Standard_V1,mungbean
4,40,21,28.8,80.46,6.73,44.3,Loam,Standard_V1,mungbean
10,37,22,28.73,89.13,7.07,58.53,Sandy-Loam,Standard_V1,mungbean
4,44,19,27.96,83.53,6.92,43.26,Alluvial,Standard_V1,mungbean
20,45,17,28.17,83.7,6.77,37.25,Loam,Standard_V1,mungbean
23,45,23,28.78,86.69,6.98,56.12,Loam,Standard_V1,mungbean
25,48,21,28.44,83.49,6.27,52.55,Sandy-Loam,Standard_V1,mungbean
56,79,15,29.48,63.2,7.45,71.89,Alluvial,Standard_V1,blackgram
25,62,21,26.73,68.14,7.04,67.15,Alluvial,Standard_V1,blackgram
42,61,22,26.27,62.29,7.42,70.23,Loam,Standard_V1,blackgram
42,73,25,34.04,67.21,6.5,73.24,Loam,Standard_V1,blackgram
44,58,18,28.04,65.07,6.81,72.5,Black,Standard_V1,blackgram
50,55,16,28.81,65.34,7.58,62.26,Black,Standard_V1,blackgram
35,72,21,34.04,64.29,7.74,66.86,Alluvial,Standard_V1,blackgram
30,64,20,33.86,61.57,6.57,68.02,Alluvial,Standard_V1,blackgram
27,64,21,32.84,68.68,7.54,73.67,Loam,Standard_V1,blackgram
50,74,17,27.1,63.36,6.54,73.85,Alluvial,Standard_V1,blackgram
39,73,24,25.66,61.18,7.22,69.29,Black,Standard_V1,blackgram
57,67,25,32.35,66.61,7.55,64.56,Black,Standard_V1,blackgram
52,63,19,29.59,68.32,6.93,67.53,Loam,Standard_V1,blackgram
55,66,22,30.91,68.79,7.75,66.64,Black,Standard_V1,blackgram
51,56,18,28.13,64.21,6.71,70.86,Black,Standard_V1,blackgram
36,66,15,30.09,69.35,6.67,67.14,Black,Standard_V1,blackgram
59,55,19,31.74,62.51,7.33,68.97,Black,Standard_V1,blackgram
50,58,23,27.81,62.5,7.6,69.76,Loam,Standard_V1,blackgram
30,65,25,32.89,64.59,7.71,71.51,Loam,Standard_V1,blackgram
20,62,18,29.36,64.99,7.37,61.91,Alluvial,Standard_V1,blackgram
58,71,15,27.83,67.59,6.92,74.01,Black,Standard_V1,blackgram
25,71,24,28.5,60.45,7.19,74.92,Alluvial,Standard_V1,blackgram
52,71,16,27.74,68.54,7.08,71.79,Loam,Standard_V1,blackgram
40,63,18,30.42,67.66,6.74,63.02,Loam,Standard_V1,blackgram
20,60,25,27.33,69.09,6.73,61.19,Loam,Standard_V1,blackgram
48,61,21,30.28,61.69,6.63,65.63,Loam,Standard_V1,blackgram
49,68,22,28.57,61.53,7.13,63.5,Loam,Standard_V1,blackgram
48,62,15,25.37,66.64,7.54,65.82,Loam,Standard_V1,blackgram
32,66,17,34.95,65.27,7.16,70.14,Loam,Standard_V1,blackgram
21,63,22,25.1,67.73,6.86,74.62,Black,Standard_V1,blackgram
20,72,19,32.48,64.35,7.4,65.82,Alluvial,Standard_V1,blackgram
25,65,21,33.86,68.59,6.88,69.24,Loam,Standard_V1,blackgram
41,78,21,25.2,60.37,6.58,70.89,Black,Standard_V1,blackgram
53,67,17,31.78,69.02,7.3,61.47,Black,Standard_V1,blackgram
39,60,21,34.9,63.6,6.97,64.73,Alluvial,Standard_V1,blackgram
25,76,17,31.74,68.64,7.24,62.31,Loam,Standard_V1,blackgram
21,78,19,27.16,66.76,6.92,69.85,Alluvial,Standard_V1,blackgram
57,60,17,26.24,67.89,7.5,73.59,Loam,Standard_V1,blackgram
56,75,15,30.2,60.07,7.15,66.37,Black,Standard_V1,blackgram
49,72,15,31.56,67.84,7.14,74.87,Black,Standard_V1,blackgram
24,80,19,29.68,69.09,6.81,65.66,Black,Standard_V1,blackgram
49,76,18,27.05,67.7,7.39,60.47,Black,Standard_V1,blackgram
28,68,19,34.64,61.39,7.7,72.43,Alluvial,Standard_V1,blackgram
55,78,21,33.39,62.94,6.6,63.57,Loam,Standard_V1,blackgram
50,64,25,28.84,63.37,6.73,70.25,Loam,Standard_V1,blackgram
34,80,19,31.49,63.06,6.52,71.48,Alluvial,Standard_V1,blackgram
20,68,23,25.55,63.95,7.71,63.18,Loam,Standard_V1,blackgram
55,67,16,34.37,69.69,6.6,70.27,Black,Standard_V1,blackgram
23,70,15,34.6,63.11,7.4,60.42,Loam,Standard_V1,blackgram
53,74,15,29.43,64.94,7.52,72.18,Black,Standard_V1,blackgram
26,67,16,29.11,67.91,7.18,67.83,Alluvial,Standard_V1,blackgram
33,80,22,28.57,65.72,6.59,70.09,Loam,Standard_V1,blackgram
37,79,19,27.54,69.35,7.14,69.41,Alluvial,Standard_V1,blackgram
33,75,21,33.05,68.94,6.69,62.3,Loam,Standard_V1,blackgram
22,55,20,33.95,69.96,7.42,61.16,Black,Standard_V1,blackgram
20,68,17,30.12,60.12,6.58,71.73,Alluvial,Standard_V1,blackgram
43,68,20,29.58,66.18,7.5,69.44,Loam,Standard_V1,blackgram
44,76,22,27.26,68.01,7.78,68.92,Black,Standard_V1,blackgram
34,60,16,31.36,64.25,7.32,63.86,Alluvial,Standard_V1,blackgram
21,72,17,31.52,66.56,7.58,61.71,Alluvial,Standard_V1,blackgram
25,68,19,29.4,64.26,7.11,67.48,Loam,Standard_V1,blackgram
41,62,15,29.38,64.15,7.36,65.24,Loam,Standard_V1,blackgram
28,65,23,28.39,61.89,7.41,74.24,Loam,Standard_V1,blackgram
35,64,15,28.47,63.54,6.5,69.53,Black,Standard_V1,blackgram
52,58,16,30.64,61.15,7.17,71.37,Loam,Standard_V1,blackgram
58,75,25,25.26,61.37,7.26,68.65,Alluvial,Standard_V1,blackgram
34,66,19,32.97,60.18,7.59,73.45,Alluvial,Standard_V1,blackgram
52,70,16,33.67,66.6,7.53,67.33,Loam,Standard_V1,blackgram
23,57,19,32.84,68.0,7.25,73.4,Loam,Standard_V1,blackgram
42,58,25,27.46,62.9,6.51,69.46,Alluvial,Standard_V1,blackgram
37,62,17,25.69,69.84,7.12,74.62,Black,Standard_V1,blackgram
44,75,22,30.03,64.15,7.57,71.21,Loam,Standard_V1,blackgram
21,80,20,28.21,68.27,7.35,64.33,Loam,Standard_V1,blackgram
56,76,16,28.27,61.19,7.51,63.3,Alluvial,Standard_V1,blackgram
29,76,15,28.54,64.2,7.03,69.69,Loam,Standard_V1,blackgram
43,61,20,26.87,61.61,6.8,63.52,Black,Standard_V1,blackgram
55,60,15,32.8,68.78,7.16,64.11,Alluvial,Standard_V1,blackgram
44,63,15,26.42,64.51,7.34,63.47,Loam,Standard_V1,blackgram
29,67,21,29.79,63.39,6.62,63.02,Alluvial,Standard_V1,blackgram
47,63,16,27.44,67.1,6.66,72.51,Loam,Standard_V1,blackgram
40,68,17,34.13,65.15,7.73,70.41,Loam,Standard_V1,blackgram
58,61,15,30.95,64.23,7.4,62.79,Loam,Standard_V1,blackgram
41,74,18,28.76,61.03,6.6,73.38,Black,Standard_V1,blackgram
58,79,17,27.25,66.1,7.04,62.32,Black,Standard_V1,blackgram
27,62,24,28.63,66.77,7.35,62.27,Alluvial,Standard_V1,blackgram
27,60,17,26.42,63.65,7.03,64.42,Loam,Standard_V1,blackgram
52,65,20,32.82,66.16,6.81,68.84,Loam,Standard_V1,blackgram
44,55,25,29.63,65.91,7.42,71.16,Black,Standard_V1,blackgram
21,62,24,33.49,62.73,6.85,65.45,Loam,Standard_V1,blackgram
60,59,22,31.87,66.74,7.19,74.22,Black,Standard_V1,blackgram
33,77,21,30.33,65.63,7.01,71.65,Loam,Standard_V1,blackgram
59,58,17,28.55,66.31,7.37,62.83,Alluvial,Standard_V1,blackgram
29,63,17,30.03,67.89,7.26,66.47,Loam,Standard_V1,blackgram
59,63,18,31.66,60.13,6.53,66.69,Loam,Standard_V1,blackgram
29,70,15,30.33,63.55,6.87,74.17,Black,Standard_V1,blackgram
58,73,16,33.37,65.68,6.87,64.9,Loam,Standard_V1,blackgram
55,77,22,31.43,62.99,7.76,64.78,Loam,Standard_V1,blackgram
42,79,23,27.72,63.29,6.78,68.57,Black,Standard_V1,blackgram
44,77,21,32.64,61.3,7.33,61.84,Alluvial,Standard_V1,blackgram
38,62,25,32.75,67.78,7.45,63.38,Alluvial,Standard_V1,blackgram
32,76,15,28.05,63.5,7.6,43.36,Clay-Loam,Standard_V1,lentil
13,61,22,19.44,63.28,7.73,46.83,Clay-Loam,Standard_V1,lentil
38,60,20,29.85,60.64,7.49,46.8,Clay-Loam,Standard_V1,lentil
11,74,17,21.36,69.92,6.63,46.64,Clay-Loam,Standard_V1,lentil
37,71,16,26.29,68.52,7.32,46.14,Clay-Loam,Standard_V1,lentil
29,71,18,22.17,62.14,6.41,53.47,Alluvial,Standard_V1,lentil
2,72,18,26.58,60.98,7.84,50.89,Alluvial,Standard_V1,lentil
6,59,21,26.59,66.14,6.14,50.91,Clay-Loam,Standard_V1,lentil
13,64,20,19.13,62.58,6.59,36.47,Loam,Standard_V1,lentil
8,58,17,28.75,69.16,7.29,35.15,Clay-Loam,Standard_V1,lentil
6,77,20,25.79,60.28,6.06,49.14,Loam,Standard_V1,lentil
2,75,22,23.89,61.79,6.66,52.56,Clay-Loam,Standard_V1,lentil
3,69,23,28.67,63.19,7.3,42.96,Clay-Loam,Standard_V1,lentil
27,80,24,28.42,61.77,7.82,49.02,Alluvial,Standard_V1,lentil
39,78,15,21.35,62.6,5.93,41.78,Loam,Standard_V1,lentil
40,79,17,21.13,63.19,6.4,38.72,Loam,Standard_V1,lentil
37,62,22,24.02,61.62,7.4,49.78,Alluvial,Standard_V1,lentil
31,60,24,25.4,65.86,7.72,51.92,Alluvial,Standard_V1,lentil
22,67,22,29.03,64.49,7.48,54.94,Alluvial,Standard_V1,lentil
3,78,18,20.21,68.65,6.89,50.9,Alluvial,Standard_V1,lentil
4,80,16,29.2,68.02,7.44,44.93,Loam,Standard_V1,lentil
13,61,24,18.3,69.69,7.63,49.39,Loam,Standard_V1,lentil
12,66,20,27.41,63.42,7.34,44.43,Clay-Loam,Standard_V1,lentil
4,61,21,24.84,60.09,6.75,48.78,Clay-Loam,Standard_V1,lentil
9,60,21,29.94,67.31,7.52,40.37,Alluvial,Standard_V1,lentil
18,66,22,25.88,67.55,6.35,47.9,Alluvial,Standard_V1,lentil
32,56,18,20.05,65.84,7.14,46.05,Alluvial,Standard_V1,lentil
6,72,15,22.99,66.71,7.67,54.49,Clay-Loam,Standard_V1,lentil
15,77,20,25.13,66.93,7.4,49.04,Clay-Loam,Standard_V1,lentil
0,65,24,28.5,62.45,7.84,53.15,Clay-Loam,Standard_V1,lentil
30,79,22,18.29,69.49,6.25,48.6,Clay-Loam,Standard_V1,lentil
3,63,16,24.38,61.18,6.87,53.14,Clay-Loam,Standard_V1,lentil
2,78,23,21.32,66.44,7.32,45.43,Clay-Loam,Standard_V1,lentil
10,78,18,18.54,62.71,6.3,44.08,Clay-Loam,Standard_V1,lentil
14,67,25,25.29,60.86,7.24,49.37,Alluvial,Standard_V1,lentil
39,65,23,25.43,69.13,7.69,41.03,Alluvial,Standard_V1,lentil
19,72,15,28.84,69.76,6.89,44.09,Alluvial,Standard_V1,lentil
18,57,21,27.38,63.94,6.16,49.47,Alluvial,Standard_V1,lentil
31,58,15,28.32,60.19,6.17,45.37,Clay-Loam,Standard_V1,lentil
28,58,25,27.48,62.05,6.86,37.81,Loam,Standard_V1,lentil
5,65,19,18.28,68.1,6.98,48.8,Clay-Loam,Standard_V1,lentil
16,65,19,27.61,69.3,7.04,42.72,Loam,Standard_V1,lentil
34,65,19,23.44,63.22,5.94,45.4,Alluvial,Standard_V1,lentil
14,69,19,20.96,63.68,7.24,52.4,Clay-Loam,Standard_V1,lentil
22,55,16,23.79,68.03,6.52,49.74,Alluvial,Standard_V1,lentil
24,61,17,22.64,65.45,6.23,38.3,Clay-Loam,Standard_V1,lentil
2,79,15,21.54,65.47,7.51,35.75,Alluvial,Standard_V1,lentil
26,63,17,29.88,65.73,6.95,44.96,Loam,Standard_V1,lentil
27,61,15,25.27,67.1,6.96,48.34,Loam,Standard_V1,lentil
24,70,16,25.18,68.93,6.55,35.03,Loam,Standard_V1,lentil
13,74,25,24.12,61.1,6.46,44.24,Clay-Loam,Standard_V1,lentil
6,64,23,23.34,67.4,7.07,36.19,Loam,Standard_V1,lentil
12,58,23,21.75,63.4,6.77,50.43,Clay-Loam,Standard_V1,lentil
32,79,22,27.6,63.46,5.92,54.38,Loam,Standard_V1,lentil
6,68,18,24.39,62.5,6.71,47.26,Loam,Standard_V1,lentil
10,79,20,24.98,66.9,6.38,38.21,Clay-Loam,Standard_V1,lentil
38,77,22,28.23,69.32,6.31,35.37,Clay-Loam,Standard_V1,lentil
17,74,17,26.03,69.56,7.39,37.11,Loam,Standard_V1,lentil
26,68,24,28.05,64.08,7.5,37.16,Clay-Loam,Standard_V1,lentil
23,75,17,24.87,64.0,7.2,48.28,Loam,Standard_V1,lentil
32,78,22,23.97,62.36,7.01,53.41,Clay-Loam,Standard_V1,lentil
19,79,19,20.06,67.76,6.68,42.9,Alluvial,Standard_V1,lentil
22,60,18,19.59,61.29,6.74,41.77,Alluvial,Standard_V1,lentil
28,69,16,29.77,66.29,6.55,35.7,Alluvial,Standard_V1,lentil
1,67,21,27.52,60.54,6.55,48.06,Alluvial,Standard_V1,lentil
12,67,23,25.63,63.15,6.59,45.5,Alluvial,Standard_V1,lentil
36,67,20,20.39,60.48,6.92,53.32,Loam,Standard_V1,lentil
28,70,21,25.39,60.5,7.44,39.18,Alluvial,Standard_V1,lentil
12,71,19,24.91,60.71,7.14,42.2,Alluvial,Standard_V1,lentil
22,68,16,27.7,63.21,7.75,37.46,Alluvial,Standard_V1,lentil
26,66,22,18.06,65.1,6.3,51.55,Alluvial,Standard_V1,lentil
16,65,16,18.13,62.46,6.08,50.61,Clay-Loam,Standard_V1,lentil
14,59,22,23.83,67.9,6.77,46.91,Loam,Standard_V1,lentil
33,59,19,23.19,62.75,7.64,49.55,Alluvial,Standard_V1,lentil
21,63,17,25.09,68.18,6.56,41.45,Alluvial,Standard_V1,lentil
0,69,21,25.87,61.88,7.07,36.68,Alluvial,Standard_V1,lentil
10,75,17,18.44,68.05,7.73,39.01,Loam,Standard_V1,lentil
30,61,18,27.15,67.03,6.16,52.51,Clay-Loam,Standard_V1,lentil
0,74,17,23.33,64.51,7.24,47.02,Loam,Standard_V1,lentil
35,74,22,26.72,62.97,6.9,42.87,Clay-Loam,Standard_V1,lentil
7,63,24,19.56,64.45,6.82,53.05,Alluvial,Standard_V1,lentil
9,56,17,26.14,66.77,6.26,46.48,Alluvial,Standard_V1,lentil
14,74,15,28.0,65.58,6.49,49.94,Loam,Standard_V1,lentil
14,76,20,29.06,62.11,7.04,36.5,Loam,Standard_V1,lentil
36,65,16,25.71,64.11,7.69,50.17,Clay-Loam,Standard_V1,lentil
28,67,21,21.8,63.73,6.25,46.62,Clay-Loam,Standard_V1,lentil
28,79,16,24.71,60.27,6.05,53.12,Loam,Standard_V1,lentil
40,61,22,20.95,65.81,7.0,44.24,Clay-Loam,Standard_V1,lentil
10,70,19,24.85,68.98,7.27,41.61,Loam,Standard_V1,lentil
12,80,19,21.91,65.22,5.96,36.1,Clay-Loam,Standard_V1,lentil
37,77,20,25.93,68.71,7.08,51.02,Loam,Standard_V1,lentil
0,67,22,29.82,69.41,6.59,51.56,Loam,Standard_V1,lentil
7,73,25,27.52,63.13,7.29,45.21,Loam,Standard_V1,lentil
10,56,18,28.0,68.64,7.33,46.11,Clay-Loam,Standard_V1,lentil
39,70,15,20.77,63.9,6.37,47.93,Clay-Loam,Standard_V1,lentil
26,56,22,23.05,60.42,7.01,52.6,Clay-Loam,Standard_V1,lentil
9,77,17,21.66,63.58,6.28,38.08,Loam,Standard_V1,lentil
4,59,19,26.25,67.63,7.62,40.81,Clay-Loam,Standard_V1,lentil
34,73,15,20.97,63.83,7.63,53.1,Clay-Loam,Standard_V1,lentil
33,77,15,23.9,66.32,7.8,40.75,Loam,Standard_V1,lentil
2,24,38,24.56,91.64,5.92,111.97,Alluvial,Standard_V1,pomegranate
6,18,37,19.66,89.94,5.94,108.05,Loam,Standard_V1,pomegranate
8,26,36,18.78,87.4,6.8,102.52,Sandy-Loam,Standard_V1,pomegranate
37,18,39,24.15,94.51,6.42,110.23,Loam,Standard_V1,pomegranate
0,27,38,22.45,89.9,6.74,109.39,Alluvial,Standard_V1,pomegranate
31,25,38,24.96,92.41,6.5,109.42,Loam,Standard_V1,pomegranate
21,21,38,22.55,89.33,6.33,104.9,Sandy-Loam,Standard_V1,pomegranate
6,30,40,22.77,91.45,6.36,106.97,Alluvial,Standard_V1,pomegranate
25,27,41,19.2,94.28,6.92,108.04,Sandy-Loam,Standard_V1,pomegranate
15,11,38,23.13,92.68,6.63,109.39,Alluvial,Standard_V1,pomegranate
14,5,36,24.93,85.19,5.83,104.77,Alluvial,Standard_V1,pomegranate
16,10,41,24.77,85.64,6.74,105.76,Loam,Standard_V1,pomegranate
36,7,37,19.87,86.36,5.78,108.32,Loam,Standard_V1,pomegranate
4,20,41,24.27,93.8,6.54,104.54,Sandy-Loam,Standard_V1,pomegranate
29,22,40,23.63,89.73,6.15,107.68,Loam,Standard_V1,pomegranate
16,15,42,19.68,89.09,6.89,108.55,Loam,Standard_V1,pomegranate
18,27,41,22.37,92.31,7.18,104.82,Alluvial,Standard_V1,pomegranate
11,18,42,21.58,94.88,5.94,102.86,Loam,Standard_V1,pomegranate
5,15,38,18.26,88.17,5.71,108.08,Alluvial,Standard_V1,pomegranate
18,23,44,23.71,89.62,6.18,105.65,Alluvial,Standard_V1,pomegranate
9,8,40,22.49,89.92,6.55,111.66,Alluvial,Standard_V1,pomegranate
40,27,45,21.66,94.79,5.89,112.43,Sandy-Loam,Standard_V1,pomegranate
22,23,44,20.13,89.32,6.14,107.34,Sandy-Loam,Standard_V1,pomegranate
9,16,39,18.41,91.12,6.1,105.18,Sandy-Loam,Standard_V1,pomegranate
12,29,40,19.68,89.75,6.59,111.28,Alluvial,Standard_V1,pomegranate
0,17,42,23.2,91.19,6.86,109.09,Sandy-Loam,Standard_V1,pomegranate
2,21,44,18.92,87.31,6.57,102.8,Sandy-Loam,Standard_V1,pomegranate
28,6,40,22.11,91.34,6.77,106.87,Loam,Standard_V1,pomegranate
8,23,44,18.47,89.69,7.13,108.48,Sandy-Loam,Standard_V1,pomegranate
29,16,36,19.81,88.93,5.74,102.86,Sandy-Loam,Standard_V1,pomegranate
17,18,43,24.49,90.84,5.84,103.2,Alluvial,Standard_V1,pomegranate
34,21,42,18.76,89.93,6.65,111.02,Alluvial,Standard_V1,pomegranate
21,23,42,19.54,90.3,6.9,104.37,Alluvial,Standard_V1,pomegranate
25,17,40,18.91,87.75,6.61,111.28,Alluvial,Standard_V1,pomegranate
8,25,36,19.91,94.95,6.83,104.03,Alluvial,Standard_V1,pomegranate
26,18,42,19.73,89.65,6.91,108.23,Alluvial,Standard_V1,pomegranate
4,19,42,23.83,87.84,6.31,111.22,Sandy-Loam,Standard_V1,pomegranate
36,24,41,24.94,94.26,7.01,103.88,Alluvial,Standard_V1,pomegranate
5,24,40,24.69,93.87,6.3,104.67,Alluvial,Standard_V1,pomegranate
19,17,39,24.72,85.56,6.73,111.28,Loam,Standard_V1,pomegranate
39,30,38,20.13,87.6,6.97,108.07,Sandy-Loam,Standard_V1,pomegranate
5,29,44,21.02,93.06,5.58,104.78,Sandy-Loam,Standard_V1,pomegranate
4,24,43,22.4,88.15,7.2,109.87,Sandy-Loam,Standard_V1,pomegranate
38,21,35,20.34,89.38,5.84,110.97,Alluvial,Standard_V1,pomegranate
37,11,36,24.25,85.56,6.71,106.92,Alluvial,Standard_V1,pomegranate
9,25,41,24.82,91.91,5.97,109.29,Alluvial,Standard_V1,pomegranate
29,22,43,19.66,87.95,5.56,106.04,Loam,Standard_V1,pomegranate
5,21,38,22.43,90.34,6.11,112.46,Alluvial,Standard_V1,pomegranate
22,26,38,22.92,85.13,6.99,110.24,Loam,Standard_V1,pomegranate
4,18,37,22.92,85.41,7.13,106.28,Sandy-Loam,Standard_V1,pomegranate
21,6,41,24.88,89.4,7.09,107.2,Alluvial,Standard_V1,pomegranate
29,21,45,23.41,93.13,6.75,105.22,Loam,Standard_V1,pomegranate
23,5,44,21.21,94.26,7.16,107.57,Loam,Standard_V1,pomegranate
13,7,43,18.2,91.12,7.01,109.66,Alluvial,Standard_V1,pomegranate
5,13,37,22.34,89.79,5.65,103.32,Sandy-Loam,Standard_V1,pomegranate
27,24,41,24.33,90.88,6.61,110.46,Sandy-Loam,Standard_V1,pomegranate
7,23,35,19.75,88.72,7.05,102.55,Sandy-Loam,Standard_V1,pomegranate
12,20,39,19.86,86.2,6.03,111.02,Loam,Standard_V1,pomegranate
4,19,43,18.07,93.15,5.78,106.36,Loam,Standard_V1,pomegranate
3,9,45,23.89,89.62,6.54,104.62,Loam,Standard_V1,pomegranate
1,27,36,23.99,93.34,5.68,104.99,Loam,Standard_V1,pomegranate
23,30,44,20.94,85.43,6.12,103.03,Sandy-Loam,Standard_V1,pomegranate
24,21,42,20.82,87.23,7.0,109.44,Alluvial,Standard_V1,pomegranate
13,30,37,20.86,91.62,6.28,106.87,Loam,Standard_V1,pomegranate
40,11,44,24.46,86.11,6.32,111.38,Loam,Standard_V1,pomegranate
21,9,40,24.51,90.64,5.96,105.62,Sandy-Loam,Standard_V1,pomegranate
3,27,44,24.57,92.03,6.59,110.96,Alluvial,Standard_V1,pomegranate
40,29,42,24.63,89.02,7.1,110.7,Alluvial,Standard_V1,pomegranate
14,25,40,20.07,90.98,6.41,103.71,Sandy-Loam,Standard_V1,pomegranate
38,14,37,21.81,94.64,6.66,102.65,Sandy-Loam,Standard_V1,pomegranate
34,9,36,22.81,86.34,6.28,110.44,Alluvial,Standard_V1,pomegranate
32,14,37,22.73,88.49,6.83,104.68,Loam,Standard_V1,pomegranate
18,21,35,23.28,94.94,6.37,111.14,Alluvial,Standard_V1,pomegranate
8,23,38,19.3,87.18,7.01,105.48,Sandy-Loam,Standard_V1,pomegranate
15,6,41,19.01,88.84,6.9,108.68,Loam,Standard_V1,pomegranate
0,5,36,24.35,90.89,6.15,105.53,Loam,Standard_V1,pomegranate
22,9,44,24.72,88.88,5.74,112.19,Sandy-Loam,Standard_V1,pomegranate
14,8,43,21.93,94.46,7.05,111.72,Sandy-Loam,Standard_V1,pomegranate
31,11,45,24.84,86.89,6.03,107.64,Sandy-Loam,Standard_V1,pomegranate
39,17,45,18.1,90.42,6.92,104.88,Alluvial,Standard_V1,pomegranate
10,5,42,20.24,91.09,6.89,109.25,Alluvial,Standard_V1,pomegranate
8,28,38,23.23,94.43,6.84,105.69,Loam,Standard_V1,pomegranate
32,13,42,23.5,92.98,5.79,106.62,Sandy-Loam,Standard_V1,pomegranate
18,9,40,19.45,89.02,5.63,106.16,Loam,Standard_V1,pomegranate
20,27,41,20.51,92.52,5.7,110.58,Loam,Standard_V1,pomegranate
39,25,36,18.9,95.0,5.57,107.61,Loam,Standard_V1,pomegranate
20,7,45,18.91,89.24,6.08,112.48,Loam,Standard_V1,pomegranate
11,10,45,22.63,88.46,6.4,109.04,Sandy-Loam,Standard_V1,pomegranate
40,18,43,19.39,86.79,5.77,109.91,Loam,Standard_V1,pomegranate
3,26,39,24.38,91.19,7.08,103.6,Sandy-Loam,Standard_V1,pomegranate
9,16,36,23.78,92.93,5.89,106.98,Sandy-Loam,Standard_V1,pomegranate
30,20,38,22.6,93.16,7.06,110.09,Alluvial,Standard_V1,pomegranate
40,9,41,24.38,85.4,5.78,106.13,Sandy-Loam,Standard_V1,pomegranate
40,30,35,20.89,91.08,6.27,104.44,Alluvial,Standard_V1,pomegranate
32,25,35,18.1,85.71,5.89,107.01,Sandy-Loam,Standard_V1,pomegranate
33,23,45,20.0,85.84,7.12,112.34,Sandy-Loam,Standard_V1,pomegranate
4,14,41,19.85,89.81,6.43,102.82,Sandy-Loam,Standard_V1,pomegranate
13,17,45,21.25,92.65,7.16,106.28,Alluvial,Standard_V1,pomegranate
39,24,39,23.65,93.33,6.43,109.81,Alluvial,Standard_V1,pomegranate
8,28,37,23.88,86.21,6.08,108.31,Loam,Standard_V1,pomegranate
91,94,46,29.37,76.25,6.15,92.83,Alluvial,Standard_V1,banana
105,95,50,27.33,83.68,5.85,101.05,Alluvial,Standard_V1,banana
108,92,53,27.4,82.96,6.28,104.94,Alluvial,Standard_V1,banana
86,76,54,29.32,80.12,5.93,90.11,Alluvial,Standard_V1,banana
80,77,49,26.05,79.4,5.52,113.23,Clay-Loam,Standard_V1,banana
93,94,53,25.87,84.42,6.08,114.54,Alluvial,Standard_V1,banana
90,92,55,27.01,80.19,6.13,97.33,Loam,Standard_V1,banana
108,89,53,29.55,78.07,5.81,99.34,Loam,Standard_V1,banana
108,88,55,26.29,83.39,5.89,113.87,Alluvial,Standard_V1,banana
105,77,52,29.16,76.16,5.82,100.01,Alluvial,Standard_V1,banana
118,88,52,28.65,82.69,5.84,98.75,Loam,Standard_V1,banana
101,87,54,29.07,76.5,6.38,100.17,Loam,Standard_V1,banana
95,75,50,28.08,75.26,5.62,118.28,Clay-Loam,Standard_V1,banana
106,85,53,27.2,78.81,5.92,99.72,Loam,Standard_V1,banana
86,95,49,28.05,78.05,6.46,108.4,Loam,Standard_V1,banana
83,79,55,25.15,83.35,5.57,98.67,Alluvial,Standard_V1,banana
85,95,47,25.94,78.34,6.21,119.85,Loam,Standard_V1,banana
109,79,45,27.67,79.69,6.49,108.66,Clay-Loam,Standard_V1,banana
100,76,45,25.57,75.94,5.59,102.79,Loam,Standard_V1,banana
117,86,48,28.7,82.54,6.23,116.16,Alluvial,Standard_V1,banana
114,94,53,26.34,76.85,6.19,118.69,Alluvial,Standard_V1,banana
110,78,50,25.94,78.9,5.92,98.22,Loam,Standard_V1,banana
94,70,48,25.14,84.88,6.2,91.46,Alluvial,Standard_V1,banana
80,71,47,27.51,80.8,6.16,105.08,Clay-Loam,Standard_V1,banana
114,79,51,26.21,82.34,6.31,112.07,Clay-Loam,Standard_V1,banana
88,78,45,29.1,79.2,6.32,92.08,Loam,Standard_V1,banana
112,73,48,29.24,77.32,5.71,90.67,Loam,Standard_V1,banana
117,76,47,25.56,77.38,6.12,93.1,Loam,Standard_V1,banana
111,87,48,26.4,81.36,5.57,98.17,Alluvial,Standard_V1,banana
89,83,47,28.1,77.8,5.63,109.54,Clay-Loam,Standard_V1,banana
93,91,47,27.85,83.31,6.1,117.29,Clay-Loam,Standard_V1,banana
92,81,52,27.39,81.47,6.44,94.31,Alluvial,Standard_V1,banana
105,74,45,25.15,81.38,6.1,119.22,Clay-Loam,Standard_V1,banana
102,71,48,28.65,79.29,5.7,102.46,Loam,Standard_V1,banana
94,91,51,29.16,76.67,5.62,109.58,Loam,Standard_V1,banana
116,71,47,27.57,82.06,6.44,91.34,Loam,Standard_V1,banana
117,79,49,25.41,82.36,6.18,112.98,Clay-Loam,Standard_V1,banana
119,72,55,25.99,83.34,6.22,112.08,Loam,Standard_V1,banana
99,73,53,26.29,81.06,5.87,118.67,Alluvial,Standard_V1,banana
91,84,52,29.15,78.71,6.39,117.54,Alluvial,Standard_V1,banana
80,90,47,26.6,79.36,6.21,107.39,Clay-Loam,Standard_V1,banana
101,70,48,25.36,75.03,6.01,116.55,Alluvial,Standard_V1,banana
108,89,53,29.12,80.18,5.91,112.4,Alluvial,Standard_V1,banana
100,80,52,27.54,77.26,6.05,110.33,Clay-Loam,Standard_V1,banana
109,91,53,29.67,83.51,6.01,110.25,Loam,Standard_V1,banana
82,78,46,25.06,84.97,5.74,110.44,Loam,Standard_V1,banana
106,70,55,25.87,78.52,5.74,116.3,Loam,Standard_V1,banana
90,86,52,25.85,81.96,5.79,119.09,Clay-Loam,Standard_V1,banana
83,95,50,26.52,77.8,5.51,108.85,Alluvial,Standard_V1,banana
119,90,48,28.67,79.59,5.99,118.26,Loam,Standard_V1,banana
107,72,45,28.15,81.54,5.79,91.41,Loam,Standard_V1,banana
116,81,55,26.42,83.7,5.92,95.12,Clay-Loam,Standard_V1,banana
101,75,50,26.59,81.41,6.24,109.98,Loam,Standard_V1,banana
93,81,50,27.72,76.58,6.04,102.21,Clay-Loam,Standard_V1,banana
95,75,45,28.98,82.96,5.83,109.02,Alluvial,Standard_V1,banana
107,71,55,29.42,83.97,6.09,117.23,Clay-Loam,Standard_V1,banana
83,94,47,27.4,81.11,6.47,112.14,Clay-Loam,Standard_V1,banana
102,73,54,26.4,84.41,5.72,111.02,Clay-Loam,Standard_V1,banana
86,79,45,27.81,82.69,5.81,99.21,Clay-Loam,Standard_V1,banana
117,86,53,25.2,83.56,5.7,115.86,Alluvial,Standard_V1,banana
111,79,53,28.31,75.77,6.17,119.7,Alluvial,Standard_V1,banana
95,74,50,25.9,80.47,6.0,110.1,Loam,Standard_V1,banana
91,75,55,27.49,76.11,6.21,109.28,Alluvial,Standard_V1,banana
93,83,46,29.38,83.5,5.77,109.25,Alluvial,Standard_V1,banana
92,85,51,29.22,81.08,5.74,108.86,Loam,Standard_V1,banana
104,80,54,27.09,81.34,5.88,110.13,Alluvial,Standard_V1,banana
103,72,51,26.13,81.81,6.1,104.48,Clay-Loam,Standard_V1,banana
92,75,45,29.01,77.95,5.67,90.43,Clay-Loam,Standard_V1,banana
93,85,49,27.97,79.29,5.69,119.48,Loam,Standard_V1,banana
120,87,52,28.08,76.06,5.91,118.99,Loam,Standard_V1,banana
108,72,46,25.16,84.98,6.11,90.95,Loam,Standard_V1,banana
105,88,54,25.79,84.51,6.02,114.2,Clay-Loam,Standard_V1,banana
98,79,50,25.34,84.47,6.44,91.06,Alluvial,Standard_V1,banana
111,88,55,29.45,78.35,5.51,96.45,Clay-Loam,Standard_V1,banana
97,74,45,26.48,78.52,5.68,113.12,Loam,Standard_V1,banana
95,82,48,27.39,83.31,5.72,92.78,Alluvial,Standard_V1,banana
89,91,55,25.08,80.26,6.28,94.33,Alluvial,Standard_V1,banana
89,85,55,26.67,76.49,6.28,91.73,Clay-Loam,Standard_V1,banana
118,88,51,25.45,79.49,6.2,100.66,Loam,Standard_V1,banana
101,92,45,28.23,80.64,5.76,98.0,Clay-Loam,Standard_V1,banana
99,92,47,28.13,77.48,6.32,103.5,Alluvial,Standard_V1,banana
82,77,46,28.95,82.19,5.9,95.83,Clay-Loam,Standard_V1,banana
90,86,55,27.96,84.15,5.64,97.56,Clay-Loam,Standard_V1,banana
95,88,52,28.0,78.9,6.24,94.68,Loam,Standard_V1,banana
104,73,46,29.14,80.12,6.28,90.45,Loam,Standard_V1,banana
102,73,52,27.91,83.36,6.36,90.24,Alluvial,Standard_V1,banana
100,74,52,25.43,81.54,5.84,96.48,Clay-Loam,Standard_V1,banana
94,89,48,28.56,84.52,5.65,111.08,Clay-Loam,Standard_V1,banana
99,70,46,26.6,83.0,5.73,100.51,Clay-Loam,Standard_V1,banana
112,87,48,27.2,77.4,6.2,99.47,Alluvial,Standard_V1,banana
117,82,45,25.29,79.29,5.61,105.42,Alluvial,Standard_V1,banana
96,86,51,29.91,76.99,6.26,92.0,Loam,Standard_V1,banana
113,85,45,27.95,76.64,6.04,109.09,Loam,Standard_V1,banana
105,93,46,25.01,78.76,5.76,108.37,Loam,Standard_V1,banana
85,89,51,29.21,84.7,6.16,108.55,Clay-Loam,Standard_V1,banana
108,94,47,27.36,84.55,6.39,90.81,Clay-Loam,Standard_V1,banana
92,81,52,28.01,76.53,5.89,103.7,Loam,Standard_V1,banana
110,71,54,28.67,82.21,5.73,94.38,Clay-Loam,Standard_V1,banana
82,75,55,27.35,78.49,6.28,92.16,Loam,Standard_V1,banana
117,81,53,29.51,78.21,5.51,98.13,Alluvial,Standard_V1,banana
2,40,27,29.74,47.55,5.95,90.1,Alluvial,Standard_V1,mango
39,24,31,33.56,53.73,4.76,98.68,Red-Loam,Standard_V1,mango
21,26,27,27.0,47.68,5.7,95.85,Loam,Standard_V1,mango
25,22,25,33.56,45.54,5.98,95.71,Alluvial,Standard_V1,mango
0,21,32,35.9,54.26,6.43,92.2,Loam,Standard_V1,mango
20,19,35,34.18,50.62,6.11,98.01,Red-Loam,Standard_V1,mango
19,21,34,30.02,53.19,5.07,97.73,Red-Loam,Standard_V1,mango
18,17,31,31.75,45.16,5.67,93.75,Red-Loam,Standard_V1,mango
11,36,33,35.99,52.23,5.98,95.37,Loam,Standard_V1,mango
30,28,30,31.87,52.19,5.06,98.47,Loam,Standard_V1,mango
18,19,27,27.76,52.35,4.77,94.11,Loam,Standard_V1,mango
23,23,27,34.72,51.43,5.16,97.31,Loam,Standard_V1,mango
37,30,34,27.54,53.64,6.8,99.35,Red-Loam,Standard_V1,mango
11,27,30,27.7,48.56,6.39,89.86,Red-Loam,Standard_V1,mango
12,19,31,27.25,52.66,5.57,91.87,Alluvial,Standard_V1,mango
3,28,33,30.34,48.89,5.76,94.43,Alluvial,Standard_V1,mango
37,38,32,31.86,45.53,5.42,91.56,Loam,Standard_V1,mango
26,37,30,35.4,49.46,6.17,97.41,Red-Loam,Standard_V1,mango
14,18,30,29.81,52.14,5.19,95.75,Red-Loam,Standard_V1,mango
40,16,35,34.16,54.16,4.95,98.33,Red-Loam,Standard_V1,mango
4,20,25,28.93,47.94,5.66,99.98,Alluvial,Standard_V1,mango
36,25,33,27.98,53.33,5.55,99.61,Alluvial,Standard_V1,mango
30,17,31,31.2,54.5,6.8,94.63,Red-Loam,Standard_V1,mango
28,37,28,32.13,50.53,6.1,98.63,Red-Loam,Standard_V1,mango
38,15,30,28.92,48.14,5.08,97.01,Red-Loam,Standard_V1,mango
12,37,30,31.1,47.41,4.55,90.29,Alluvial,Standard_V1,mango
38,19,31,34.74,49.09,5.86,90.65,Red-Loam,Standard_V1,mango
8,33,29,29.98,49.49,6.44,91.82,Red-Loam,Standard_V1,mango
15,27,28,33.8,46.13,4.51,90.83,Loam,Standard_V1,mango
34,16,25,30.07,50.96,6.11,92.1,Loam,Standard_V1,mango
11,36,31,27.92,51.78,6.48,100.26,Alluvial,Standard_V1,mango
33,29,34,31.41,49.22,6.83,93.0,Red-Loam,Standard_V1,mango
12,31,26,35.79,51.94,5.4,100.22,Red-Loam,Standard_V1,mango
12,34,28,33.36,45.02,6.14,98.82,Loam,Standard_V1,mango
5,16,31,35.96,48.7,4.56,98.01,Alluvial,Standard_V1,mango
1,30,29,28.33,51.4,6.43,91.67,Loam,Standard_V1,mango
16,35,31,32.28,50.19,5.32,95.99,Loam,Standard_V1,mango
35,18,26,31.99,50.85,5.28,97.39,Loam,Standard_V1,mango
4,40,26,27.58,48.57,6.72,95.84,Loam,Standard_V1,mango
9,29,34,29.38,45.89,5.73,100.81,Red-Loam,Standard_V1,mango
2,38,33,32.39,53.23,4.69,90.22,Red-Loam,Standard_V1,mango
26,32,32,30.91,49.93,6.81,90.14,Loam,Standard_V1,mango
34,38,31,35.38,45.58,6.45,97.42,Alluvial,Standard_V1,mango
5,32,33,32.32,52.59,5.84,93.37,Alluvial,Standard_V1,mango
31,29,26,28.22,47.41,5.02,97.77,Alluvial,Standard_V1,mango
34,34,35,27.27,47.17,6.42,95.26,Alluvial,Standard_V1,mango
36,19,32,27.11,50.71,4.94,92.37,Loam,Standard_V1,mango
7,17,26,34.89,48.76,6.41,91.63,Red-Loam,Standard_V1,mango
38,15,27,33.75,48.5,6.78,92.26,Alluvial,Standard_V1,mango
5,19,25,27.35,54.44,6.44,96.28,Loam,Standard_V1,mango
37,36,26,32.89,52.61,4.65,94.49,Alluvial,Standard_V1,mango
21,31,32,35.39,51.43,5.25,90.3,Alluvial,Standard_V1,mango
37,36,27,27.55,47.91,5.91,90.4,Loam,Standard_V1,mango
23,23,30,32.82,47.46,4.76,90.89,Red-Loam,Standard_V1,mango
36,26,26,30.17,51.08,6.81,95.23,Red-Loam,Standard_V1,mango
24,33,35,29.26,54.82,5.34,100.76,Loam,Standard_V1,mango
26,18,30,32.06,51.08,6.34,96.6,Red-Loam,Standard_V1,mango
22,17,26,28.7,47.72,4.75,99.64,Loam,Standard_V1,mango
11,34,32,29.14,49.41,6.83,97.55,Loam,Standard_V1,mango
29,35,28,28.35,53.54,6.97,90.4,Loam,Standard_V1,mango
22,28,26,27.67,45.42,4.95,92.85,Red-Loam,Standard_V1,mango
23,24,32,28.12,46.17,5.63,93.3,Loam,Standard_V1,mango
1,35,34,30.79,46.7,6.27,92.21,Alluvial,Standard_V1,mango
2,24,34,28.89,54.81,6.47,94.76,Red-Loam,Standard_V1,mango
39,37,25,33.33,45.61,6.95,98.29,Red-Loam,Standard_V1,mango
15,36,27,27.79,53.97,5.64,91.01,Red-Loam,Standard_V1,mango
3,18,31,31.65,48.21,6.39,91.1,Red-Loam,Standard_V1,mango
8,38,32,29.75,46.74,4.98,91.41,Alluvial,Standard_V1,mango
33,31,34,31.33,50.22,5.42,89.78,Red-Loam,Standard_V1,mango
14,29,32,35.64,48.97,6.94,97.52,Red-Loam,Standard_V1,mango
18,20,26,31.67,51.99,5.44,89.98,Loam,Standard_V1,mango
9,21,32,32.27,53.56,5.87,95.94,Red-Loam,Standard_V1,mango
20,30,27,27.81,51.59,4.75,95.9,Alluvial,Standard_V1,mango
9,38,25,34.59,50.34,5.5,100.31,Alluvial,Standard_V1,mango
26,24,34,31.27,52.24,6.81,89.74,Alluvial,Standard_V1,mango
31,36,29,33.94,52.72,6.46,97.46,Alluvial,Standard_V1,mango
14,18,35,31.09,47.02,4.79,91.47,Red-Loam,Standard_V1,mango
40,16,35,31.89,49.02,6.48,89.59,Red-Loam,Standard_V1,mango
28,27,34,32.45,50.7,6.53,95.05,Alluvial,Standard_V1,mango
0,17,30,35.47,47.97,6.28,97.79,Alluvial,Standard_V1,mango
1,29,29,27.33,49.3,6.05,93.53,Red-Loam,Standard_V1,mango
2,36,31,30.9,49.96,5.73,91.78,Alluvial,Standard_V1,mango
12,27,26,29.09,45.57,5.32,96.24,Loam,Standard_V1,mango
7,28,35,30.02,46.78,4.67,96.64,Alluvial,Standard_V1,mango
0,36,26,34.13,51.26,5.1,96.39,Alluvial,Standard_V1,mango
26,35,31,33.45,53.06,5.34,98.05,Loam,Standard_V1,mango
27,21,30,35.39,52.49,5.06,91.23,Loam,Standard_V1,mango
22,38,31,31.53,53.06,5.82,98.57,Red-Loam,Standard_V1,mango
22,18,31,30.76,47.94,5.96,90.39,Red-Loam,Standard_V1,mango
28,23,28,30.02,50.1,5.68,96.09,Loam,Standard_V1,mango
7,31,27,31.33,47.59,6.52,94.67,Loam,Standard_V1,mango
29,34,26,33.88,54.39,6.27,89.29,Red-Loam,Standard_V1,mango
8,37,33,28.08,54.96,6.13,97.45,Alluvial,Standard_V1,mango
39,16,27,35.54,52.95,4.93,91.55,Loam,Standard_V1,mango
40,24,25,28.71,50.44,5.45,95.89,Red-Loam,Standard_V1,mango
19,38,26,31.48,48.78,4.53,93.17,Alluvial,Standard_V1,mango
21,21,30,27.7,51.42,5.4,100.77,Loam,Standard_V1,mango
22,18,33,30.41,52.48,6.62,93.92,Alluvial,Standard_V1,mango
31,20,30,32.18,54.01,6.21,91.89,Red-Loam,Standard_V1,mango
18,26,31,32.61,47.75,5.42,91.1,Loam,Standard_V1,mango
24,130,195,30.0,81.54,6.11,67.13,Sandy-Loam,Standard_V1,grapes
13,144,204,30.73,82.43,6.09,68.38,Loam,Standard_V1,grapes
22,123,205,32.45,83.89,5.9,68.74,Sandy-Loam,Standard_V1,grapes
36,125,196,37.47,80.66,6.16,66.84,Red,Standard_V1,grapes
24,131,196,22.03,83.74,5.73,65.34,Red,Standard_V1,grapes
2,123,198,39.65,82.21,6.25,70.4,Loam,Standard_V1,grapes
35,140,197,16.78,82.75,6.11,66.76,Sandy-Loam,Standard_V1,grapes
11,122,195,12.14,83.57,5.65,69.63,Loam,Standard_V1,grapes
6,123,203,12.76,81.62,6.13,66.78,Loam,Standard_V1,grapes
17,134,204,39.04,80.18,6.5,73.88,Sandy-Loam,Standard_V1,grapes
25,130,197,39.71,82.69,5.55,74.92,Sandy-Loam,Standard_V1,grapes
27,145,205,9.47,82.29,5.8,66.03,Sandy-Loam,Standard_V1,grapes
9,122,201,29.59,80.92,5.57,68.06,Red,Standard_V1,grapes
16,139,203,17.83,80.96,6.28,65.85,Loam,Standard_V1,grapes
32,141,204,8.83,82.9,5.54,67.24,Loam,Standard_V1,grapes
22,138,195,27.83,83.51,6.21,73.03,Red,Standard_V1,grapes
31,144,202,11.02,80.56,5.87,68.24,Sandy-Loam,Standard_V1,grapes
3,136,205,17.59,80.85,6.33,71.41,Red,Standard_V1,grapes
28,122,197,19.89,82.73,5.86,69.66,Red,Standard_V1,grapes
4,136,204,29.94,81.78,5.9,65.52,Red,Standard_V1,grapes
39,145,201,36.73,80.59,5.78,72.24,Loam,Standard_V1,grapes
38,132,197,20.42,81.54,5.93,66.93,Red,Standard_V1,grapes
36,133,198,25.52,83.98,6.23,69.17,Loam,Standard_V1,grapes
25,121,201,30.51,82.72,5.59,70.08,Loam,Standard_V1,grapes
15,125,199,18.43,80.56,5.57,69.76,Loam,Standard_V1,grapes
24,140,205,12.09,83.59,5.93,68.67,Sandy-Loam,Standard_V1,grapes
13,132,203,23.6,82.48,6.42,73.24,Loam,Standard_V1,grapes
5,126,197,12.8,81.21,6.42,67.1,Loam,Standard_V1,grapes
30,120,200,38.06,82.25,6.23,65.7,Sandy-Loam,Standard_V1,grapes
23,142,197,39.07,82.04,6.0,69.31,Loam,Standard_V1,grapes
26,135,203,33.78,81.16,5.69,74.54,Red,Standard_V1,grapes
7,126,203,16.76,82.0,5.66,73.29,Red,Standard_V1,grapes
32,139,198,35.89,82.67,6.36,66.54,Loam,Standard_V1,grapes
9,141,202,21.01,81.18,6.12,66.38,Sandy-Loam,Standard_V1,grapes
20,142,196,10.9,80.02,6.21,68.69,Red,Standard_V1,grapes
32,129,201,16.36,83.0,6.49,71.56,Sandy-Loam,Standard_V1,grapes
3,134,199,20.28,81.32,5.82,71.07,Sandy-Loam,Standard_V1,grapes
38,138,204,25.11,83.25,6.33,73.01,Red,Standard_V1,grapes
14,131,198,33.46,83.87,5.56,67.92,Sandy-Loam,Standard_V1,grapes
20,122,204,11.8,80.86,6.49,65.07,Red,Standard_V1,grapes
40,126,201,11.36,80.03,6.12,71.18,Sandy-Loam,Standard_V1,grapes
36,128,204,25.24,80.69,5.7,67.04,Red,Standard_V1,grapes
11,132,197,15.99,81.24,5.73,74.4,Loam,Standard_V1,grapes
0,137,195,22.44,80.19,6.33,65.4,Red,Standard_V1,grapes
19,123,200,34.76,81.04,6.17,65.7,Red,Standard_V1,grapes
31,136,197,31.11,83.34,5.65,71.43,Red,Standard_V1,grapes
4,134,200,28.58,80.96,5.84,73.34,Red,Standard_V1,grapes
39,139,201,41.19,81.02,5.54,68.69,Sandy-Loam,Standard_V1,grapes
8,127,196,27.03,83.17,5.83,70.96,Loam,Standard_V1,grapes
39,138,203,21.19,82.33,6.4,74.63,Red,Standard_V1,grapes
32,120,204,10.38,83.45,6.14,67.39,Sandy-Loam,Standard_V1,grapes
12,142,203,31.31,82.56,5.97,65.01,Loam,Standard_V1,grapes
8,133,195,20.47,80.98,6.46,71.3,Loam,Standard_V1,grapes
8,139,199,29.37,81.54,6.34,66.13,Loam,Standard_V1,grapes
21,134,202,10.72,80.02,6.43,65.3,Loam,Standard_V1,grapes
40,140,195,14.98,80.5,6.29,71.63,Red,Standard_V1,grapes
39,127,202,15.32,81.67,6.48,71.6,Red,Standard_V1,grapes
19,120,195,18.74,81.12,5.93,73.56,Sandy-Loam,Standard_V1,grapes
21,139,201,19.36,83.36,5.98,67.15,Sandy-Loam,Standard_V1,grapes
17,136,195,41.21,81.61,6.39,65.9,Sandy-Loam,Standard_V1,grapes
33,139,203,33.34,82.51,5.69,70.68,Loam,Standard_V1,grapes
22,133,201,23.82,80.12,6.0,67.27,Loam,Standard_V1,grapes
32,130,196,40.66,81.25,6.37,74.03,Red,Standard_V1,grapes
37,135,205,11.83,80.28,5.51,74.1,Loam,Standard_V1,grapes
15,140,195,13.29,83.54,5.7,65.8,Loam,Standard_V1,grapes
39,132,196,35.83,83.33,5.78,73.68,Loam,Standard_V1,grapes
40,121,199,26.18,81.04,6.32,66.06,Sandy-Loam,Standard_V1,grapes
40,132,202,24.58,80.71,5.97,69.71,Sandy-Loam,Standard_V1,grapes
29,142,203,29.67,83.71,5.89,66.48,Red,Standard_V1,grapes
32,121,199,39.37,81.25,6.13,74.08,Loam,Standard_V1,grapes
6,140,205,17.67,82.93,6.31,69.87,Loam,Standard_V1,grapes
8,120,196,24.07,82.66,6.05,69.82,Red,Standard_V1,grapes
34,133,202,15.31,80.1,5.8,74.82,Loam,Standard_V1,grapes
35,135,199,21.77,80.55,6.4,69.4,Loam,Standard_V1,grapes
16,145,199,26.92,80.77,5.95,69.31,Sandy-Loam,Standard_V1,grapes
8,136,201,41.66,82.22,5.61,74.2,Red,Standard_V1,grapes
25,129,195,17.99,81.18,5.78,72.37,Red,Standard_V1,grapes
16,130,201,29.12,82.79,5.68,68.85,Red,Standard_V1,grapes
39,129,203,34.39,83.18,5.86,71.03,Red,Standard_V1,grapes
38,135,203,41.36,82.8,6.44,69.92,Sandy-Loam,Standard_V1,grapes
33,120,205,35.12,82.27,5.55,69.72,Sandy-Loam,Standard_V1,grapes
35,125,204,19.65,80.15,6.11,73.7,Loam,Standard_V1,grapes
1,132,200,16.28,82.94,5.62,66.57,Loam,Standard_V1,grapes
39,140,203,21.12,80.63,6.35,69.28,Loam,Standard_V1,grapes
28,145,202,19.21,82.9,6.48,66.83,Loam,Standard_V1,grapes
6,128,200,25.96,82.58,5.84,70.32,Sandy-Loam,Standard_V1,grapes
6,139,199,25.67,81.62,6.29,74.11,Red,Standard_V1,grapes
29,122,196,41.95,81.16,5.64,73.07,Sandy-Loam,Standard_V1,grapes
37,144,197,11.19,80.81,6.42,66.34,Loam,Standard_V1,grapes
38,120,197,17.54,82.95,6.32,73.77,Sandy-Loam,Standard_V1,grapes
38,141,198,13.06,80.28,5.76,70.76,Red,Standard_V1,grapes
14,121,203,9.72,83.75,6.16,74.46,Red,Standard_V1,grapes
6,125,204,27.92,82.93,5.73,69.92,Sandy-Loam,Standard_V1,grapes
32,138,197,9.54,80.73,5.91,69.44,Sandy-Loam,Standard_V1,grapes
11,124,204,13.43,80.07,6.36,71.4,Sandy-Loam,Standard_V1,grapes
23,138,200,9.85,80.23,5.97,68.43,Loam,Standard_V1,grapes
40,143,201,24.97,82.73,6.48,66.7,Sandy-Loam,Standard_V1,grapes
6,142,202,27.24,82.95,6.22,70.43,Sandy-Loam,Standard_V1,grapes
37,124,195,18.71,83.48,6.21,66.6,Sandy-Loam,Standard_V1,grapes
35,134,204,9.95,82.55,5.84,66.01,Red,Standard_V1,grapes
119,25,51,26.47,80.92,6.28,53.66,Loam,Standard_V1,watermelon
119,19,55,25.19,83.45,6.82,46.87,Sandy,Standard_V1,watermelon
105,30,50,25.3,81.78,6.38,57.04,Sandy,Standard_V1,watermelon
114,8,50,24.75,88.31,6.58,57.96,Loam,Standard_V1,watermelon
93,22,52,26.59,81.33,6.93,41.88,Loam,Standard_V1,watermelon
80,26,55,24.53,88.99,6.14,49.12,Loam,Standard_V1,watermelon
85,27,45,26.07,88.73,6.47,57.8,Sandy-Loam,Standard_V1,watermelon
85,22,53,25.97,89.77,6.85,59.46,Sandy-Loam,Standard_V1,watermelon
82,22,45,26.22,85.35,6.51,54.6,Loam,Standard_V1,watermelon
118,13,54,24.41,89.82,6.04,44.08,Sandy-Loam,Standard_V1,watermelon
83,25,53,26.49,80.05,6.06,57.73,Sandy-Loam,Standard_V1,watermelon
86,15,47,24.04,84.18,6.42,53.79,Sandy,Standard_V1,watermelon
101,10,47,25.54,83.32,6.94,57.57,Loam,Standard_V1,watermelon
119,9,50,26.75,83.92,6.25,40.79,Loam,Standard_V1,watermelon
104,17,46,25.71,80.23,6.19,43.09,Sandy-Loam,Standard_V1,watermelon
95,12,51,25.76,84.17,6.68,44.22,Loam,Standard_V1,watermelon
102,14,52,26.79,89.65,6.51,57.74,Sandy,Standard_V1,watermelon
109,21,55,24.9,89.74,6.77,57.45,Sandy,Standard_V1,watermelon
81,18,50,26.81,88.23,6.43,58.8,Sandy,Standard_V1,watermelon
103,17,51,25.11,80.03,6.21,44.21,Loam,Standard_V1,watermelon
105,14,50,26.21,87.69,6.42,59.66,Loam,Standard_V1,watermelon
97,8,52,24.91,86.97,6.24,49.49,Loam,Standard_V1,watermelon
120,19,49,25.79,84.27,6.76,56.45,Loam,Standard_V1,watermelon
95,16,55,25.27,87.55,6.61,40.13,Loam,Standard_V1,watermelon
83,29,52,25.76,87.59,6.7,46.05,Sandy,Standard_V1,watermelon
83,9,45,25.85,89.13,6.05,46.85,Sandy-Loam,Standard_V1,watermelon
91,21,50,24.34,81.44,6.76,48.32,Sandy,Standard_V1,watermelon
116,5,54,25.38,80.99,6.65,57.23,Loam,Standard_V1,watermelon
112,28,54,24.86,85.05,6.74,55.3,Sandy,Standard_V1,watermelon
88,29,51,24.72,88.95,6.1,48.46,Loam,Standard_V1,watermelon
118,15,45,24.21,84.21,6.54,48.01,Loam,Standard_V1,watermelon
92,21,48,25.82,82.04,6.38,54.83,Sandy,Standard_V1,watermelon
106,14,45,24.47,84.16,6.42,57.27,Loam,Standard_V1,watermelon
99,5,47,24.13,84.84,6.65,51.19,Sandy-Loam,Standard_V1,watermelon
98,8,51,26.18,86.52,6.26,49.43,Loam,Standard_V1,watermelon
108,22,46,26.18,86.73,6.12,53.33,Sandy-Loam,Standard_V1,watermelon
119,7,55,26.04,84.64,6.03,44.4,Sandy-Loam,Standard_V1,watermelon
117,27,48,26.53,82.39,6.84,54.31,Loam,Standard_V1,watermelon
109,10,53,26.82,87.83,6.55,46.06,Sandy,Standard_V1,watermelon
80,16,46,25.5,81.4,6.94,48.48,Sandy-Loam,Standard_V1,watermelon
100,18,52,26.2,80.38,6.88,56.48,Sandy,Standard_V1,watermelon
91,7,53,25.14,89.28,6.46,43.53,Sandy-Loam,Standard_V1,watermelon
86,6,53,25.92,83.47,6.92,42.11,Loam,Standard_V1,watermelon
107,5,52,26.66,89.98,6.88,57.41,Loam,Standard_V1,watermelon
103,16,49,24.07,81.64,6.92,51.75,Sandy-Loam,Standard_V1,watermelon
101,20,48,24.68,82.75,6.21,57.06,Loam,Standard_V1,watermelon
85,25,47,26.11,87.64,6.3,58.48,Sandy-Loam,Standard_V1,watermelon
84,7,51,26.82,87.66,6.4,55.74,Loam,Standard_V1,watermelon
102,28,54,25.16,80.28,6.86,55.5,Sandy,Standard_V1,watermelon
98,25,52,25.28,83.15,6.22,49.29,Loam,Standard_V1,watermelon
97,25,50,26.22,80.9,6.09,49.09,Sandy,Standard_V1,watermelon
90,16,45,24.92,80.62,6.29,50.56,Loam,Standard_V1,watermelon
95,12,46,26.22,81.01,6.32,54.65,Sandy,Standard_V1,watermelon
82,23,49,26.81,87.22,6.87,51.7,Loam,Standard_V1,watermelon
82,25,51,24.31,87.47,6.07,48.11,Sandy,Standard_V1,watermelon
110,28,46,24.29,88.05,6.5,51.26,Sandy-Loam,Standard_V1,watermelon
118,21,51,24.43,86.34,6.68,48.58,Sandy-Loam,Standard_V1,watermelon
120,20,45,25.67,88.7,6.11,54.23,Sandy,Standard_V1,watermelon
91,7,52,25.08,83.46,6.41,56.4,Loam,Standard_V1,watermelon
81,6,55,24.89,85.87,6.11,51.71,Sandy,Standard_V1,watermelon
101,13,54,25.43,82.91,6.83,56.34,Loam,Standard_V1,watermelon
101,17,55,24.37,87.13,6.45,44.64,Sandy-Loam,Standard_V1,watermelon
111,6,53,26.49,88.59,6.31,46.06,Loam,Standard_V1,watermelon
107,10,49,25.83,89.0,6.76,45.25,Sandy-Loam,Standard_V1,watermelon
115,11,46,24.42,89.4,6.62,40.32,Loam,Standard_V1,watermelon
84,25,52,24.37,81.25,6.13,44.21,Loam,Standard_V1,watermelon
120,7,47,24.25,83.04,6.65,54.77,Loam,Standard_V1,watermelon
91,12,46,24.64,85.5,6.34,48.31,Sandy,Standard_V1,watermelon
89,22,52,24.9,86.11,6.22,53.15,Sandy,Standard_V1,watermelon
113,19,46,25.42,81.12,6.29,49.52,Sandy-Loam,Standard_V1,watermelon
97,22,50,26.26,86.15,6.77,58.98,Sandy-Loam,Standard_V1,watermelon
117,30,50,24.9,87.21,6.74,46.59,Sandy,Standard_V1,watermelon
90,14,52,24.85,89.2,6.39,59.68,Sandy-Loam,Standard_V1,watermelon
104,23,47,26.98,86.7,6.77,42.91,Sandy,Standard_V1,watermelon
81,16,45,26.9,86.25,6.73,59.76,Loam,Standard_V1,watermelon
88,5,47,25.86,86.67,6.66,41.17,Sandy-Loam,Standard_V1,watermelon
92,7,45,26.71,81.14,6.94,51.51,Sandy-Loam,Standard_V1,watermelon
81,18,50,26.44,80.92,6.51,47.82,Sandy,Standard_V1,watermelon
111,5,55,26.28,84.42,6.52,50.79,Sandy-Loam,Standard_V1,watermelon
108,23,51,26.84,83.85,6.11,40.23,Sandy-Loam,Standard_V1,watermelon
113,30,50,26.04,83.99,6.28,43.88,Loam,Standard_V1,watermelon
83,10,53,24.93,85.01,6.2,48.76,Sandy-Loam,Standard_V1,watermelon
101,11,51,25.51,84.24,6.79,44.21,Loam,Standard_V1,watermelon
114,21,55,25.44,87.94,6.47,57.52,Sandy,Standard_V1,watermelon
99,6,45,26.13,86.55,6.0,40.71,Sandy-Loam,Standard_V1,watermelon
92,20,55,25.1,87.53,6.59,59.27,Loam,Standard_V1,watermelon
92,7,48,26.28,86.63,6.96,54.39,Sandy,Standard_V1,watermelon
91,24,55,26.27,83.09,6.26,46.77,Sandy-Loam,Standard_V1,watermelon
110,21,54,26.74,87.82,6.75,47.46,Sandy,Standard_V1,watermelon
112,25,51,25.05,85.57,6.93,56.72,Sandy-Loam,Standard_V1,watermelon
89,25,54,24.69,85.57,6.35,48.99,Sandy,Standard_V1,watermelon
100,10,53,24.54,84.61,6.21,42.01,Sandy,Standard_V1,watermelon
83,22,54,25.9,81.97,6.28,54.5,Loam,Standard_V1,watermelon
95,14,50,26.63,84.32,6.56,56.32,Sandy,Standard_V1,watermelon
119,30,49,25.36,80.46,6.9,47.72,Sandy-Loam,Standard_V1,watermelon
97,12,47,25.29,89.64,6.77,58.29,Sandy-Loam,Standard_V1,watermelon
110,7,45,26.64,84.7,6.19,48.32,Loam,Standard_V1,watermelon
96,18,50,25.33,84.31,6.9,41.53,Sandy-Loam,Standard_V1,watermelon
83,23,55,26.9,83.89,6.46,43.97,Sandy-Loam,Standard_V1,watermelon
120,24,47,26.99,89.41,6.26,58.55,Sandy-Loam,Standard_V1,watermelon
115,17,55,27.58,94.12,6.78,28.08,Sandy,Standard_V1,muskmelon
114,27,48,27.82,93.04,6.53,26.32,Sandy,Standard_V1,muskmelon
101,25,52,29.1,94.22,6.75,22.52,Sandy-Loam,Standard_V1,muskmelon
118,18,52,28.05,90.83,6.56,20.76,Loam,Standard_V1,muskmelon
95,26,45,29.92,94.56,6.12,28.16,Sandy,Standard_V1,muskmelon
81,25,49,29.87,93.25,6.08,26.26,Loam,Standard_V1,muskmelon
117,24,53,29.17,92.21,6.29,21.3,Sandy-Loam,Standard_V1,muskmelon
114,30,51,29.25,90.07,6.07,25.93,Sandy-Loam,Standard_V1,muskmelon
113,6,52,27.76,90.36,6.74,25.22,Sandy,Standard_V1,muskmelon
108,26,52,28.83,94.27,6.2,26.24,Sandy-Loam,Standard_V1,muskmelon
81,30,48,28.52,92.1,6.04,29.87,Sandy,Standard_V1,muskmelon
115,9,52,29.07,90.98,6.02,29.12,Sandy-Loam,Standard_V1,muskmelon
83,7,45,29.08,90.74,6.7,25.33,Sandy-Loam,Standard_V1,muskmelon
84,21,55,28.47,94.79,6.49,21.08,Sandy,Standard_V1,muskmelon
109,26,45,28.28,90.39,6.22,21.59,Sandy,Standard_V1,muskmelon
95,27,55,28.47,91.21,6.16,20.89,Sandy,Standard_V1,muskmelon
119,5,55,29.69,94.3,6.17,26.84,Sandy-Loam,Standard_V1,muskmelon
110,14,51,27.02,91.67,6.09,21.26,Sandy-Loam,Standard_V1,muskmelon
82,18,48,29.1,94.17,6.16,26.71,Loam,Standard_V1,muskmelon
87,14,48,29.69,92.59,6.61,29.11,Sandy,Standard_V1,muskmelon
85,9,53,28.21,92.87,6.45,28.79,Sandy-Loam,Standard_V1,muskmelon
100,6,53,29.05,93.92,6.11,23.67,Sandy-Loam,Standard_V1,muskmelon
107,12,46,29.57,93.62,6.56,27.57,Sandy,Standard_V1,muskmelon
91,13,47,29.11,92.44,6.14,27.96,Loam,Standard_V1,muskmelon
102,25,50,28.2,92.91,6.1,20.36,Sandy,Standard_V1,muskmelon
117,25,53,29.12,92.13,6.41,24.52,Loam,Standard_V1,muskmelon
85,21,52,29.63,90.1,6.08,23.7,Sandy-Loam,Standard_V1,muskmelon
104,25,55,29.81,90.37,6.12,22.69,Loam,Standard_V1,muskmelon
102,24,54,27.72,90.94,6.7,22.82,Sandy-Loam,Standard_V1,muskmelon
116,25,50,29.26,92.92,6.09,28.71,Sandy,Standard_V1,muskmelon
100,17,48,29.73,94.3,6.37,26.52,Sandy,Standard_V1,muskmelon
110,25,54,28.91,90.78,6.43,23.44,Sandy,Standard_V1,muskmelon
104,25,51,28.96,93.88,6.47,23.56,Loam,Standard_V1,muskmelon
107,11,54,28.59,91.34,6.09,29.44,Sandy-Loam,Standard_V1,muskmelon
98,26,52,27.34,90.7,6.15,28.69,Sandy,Standard_V1,muskmelon
88,17,52,29.9,90.75,6.65,25.38,Sandy,Standard_V1,muskmelon
87,25,46,27.43,90.03,6.38,21.75,Sandy-Loam,Standard_V1,muskmelon
120,8,46,29.56,90.71,6.73,28.37,Sandy,Standard_V1,muskmelon
95,13,46,29.84,93.76,6.13,23.28,Sandy-Loam,Standard_V1,muskmelon
108,22,47,28.54,91.73,6.16,25.13,Sandy-Loam,Standard_V1,muskmelon
82,13,52,27.12,94.87,6.44,26.52,Sandy-Loam,Standard_V1,muskmelon
120,23,55,27.84,91.61,6.73,26.48,Sandy-Loam,Standard_V1,muskmelon
110,22,47,29.03,91.82,6.24,24.94,Sandy-Loam,Standard_V1,muskmelon
95,23,45,27.82,90.57,6.27,21.19,Loam,Standard_V1,muskmelon
106,10,49,27.73,92.01,6.35,20.21,Sandy,Standard_V1,muskmelon
99,12,52,28.7,94.31,6.0,22.22,Loam,Standard_V1,muskmelon
106,20,51,29.73,90.97,6.34,20.49,Sandy,Standard_V1,muskmelon
83,11,53,29.54,92.92,6.16,21.97,Loam,Standard_V1,muskmelon
117,19,55,28.8,91.78,6.12,25.16,Sandy-Loam,Standard_V1,muskmelon
98,26,49,27.29,90.53,6.13,23.5,Sandy,Standard_V1,muskmelon
113,20,48,27.47,94.88,6.44,27.28,Sandy,Standard_V1,muskmelon
101,17,47,29.49,94.73,6.19,26.31,Loam,Standard_V1,muskmelon
98,7,45,27.79,92.51,6.16,26.85,Loam,Standard_V1,muskmelon
93,22,48,29.13,91.52,6.78,21.9,Sandy,Standard_V1,muskmelon
95,21,47,27.93,93.56,6.43,20.66,Loam,Standard_V1,muskmelon
109,12,48,29.46,92.13,6.71,20.76,Loam,Standard_V1,muskmelon
118,12,47,27.97,92.17,6.01,28.95,Loam,Standard_V1,muskmelon
100,14,49,29.49,91.08,6.37,26.02,Sandy-Loam,Standard_V1,muskmelon
89,9,47,29.47,90.77,6.67,28.75,Sandy-Loam,Standard_V1,muskmelon
95,16,46,27.08,90.14,6.75,24.45,Loam,Standard_V1,muskmelon
95,7,45,27.3,90.8,6.03,25.09,Loam,Standard_V1,muskmelon
87,6,45,29.83,90.79,6.4,22.84,Sandy-Loam,Standard_V1,muskmelon
93,20,50,29.93,93.23,6.45,24.35,Sandy-Loam,Standard_V1,muskmelon
84,29,49,29.94,93.91,6.25,20.39,Sandy,Standard_V1,muskmelon
111,5,47,28.03,91.47,6.27,21.18,Sandy,Standard_V1,muskmelon
111,5,52,29.88,94.04,6.14,21.0,Sandy-Loam,Standard_V1,muskmelon
111,15,54,27.71,92.91,6.19,22.06,Loam,Standard_V1,muskmelon
89,11,47,29.79,94.65,6.33,27.87,Loam,Standard_V1,muskmelon
110,15,48,28.58,92.87,6.21,27.6,Loam,Standard_V1,muskmelon
95,30,52,29.48,90.34,6.64,26.04,Loam,Standard_V1,muskmelon
115,12,52,27.51,94.96,6.69,21.02,Sandy,Standard_V1,muskmelon
120,25,50,28.05,94.82,6.33,21.85,Sandy-Loam,Standard_V1,muskmelon
102,11,45,29.03,93.13,6.36,24.16,Loam,Standard_V1,muskmelon
94,5,55,28.59,91.89,6.09,26.88,Sandy,Standard_V1,muskmelon
84,18,46,27.09,93.42,6.78,25.32,Loam,Standard_V1,muskmelon
107,22,54,28.0,90.85,6.63,21.62,Sandy-Loam,Standard_V1,muskmelon
80,18,52,27.87,91.15,6.48,24.05,Sandy,Standard_V1,muskmelon
86,18,45,28.97,90.72,6.57,22.26,Sandy-Loam,Standard_V1,muskmelon
113,28,48,28.88,92.49,6.17,24.44,Sandy-Loam,Standard_V1,muskmelon
115,18,53,29.17,94.2,6.01,22.07,Sandy,Standard_V1,muskmelon
82,20,54,29.34,90.02,6.54,21.45,Sandy,Standard_V1,muskmelon
98,22,47,29.07,91.92,6.34,28.84,Sandy,Standard_V1,muskmelon
117,25,54,28.68,92.51,6.15,29.11,Sandy,Standard_V1,muskmelon
83,15,49,28.93,91.39,6.44,23.2,Sandy,Standard_V1,muskmelon
120,16,51,28.0,91.64,6.55,23.29,Sandy,Standard_V1,muskmelon
111,5,50,27.59,91.8,6.4,24.84,Sandy,Standard_V1,muskmelon
85,21,47,29.87,90.61,6.19,24.7,Loam,Standard_V1,muskmelon
90,23,54,28.56,90.46,6.16,27.27,Sandy-Loam,Standard_V1,muskmelon
99,29,55,29.19,91.46,6.66,26.48,Sandy,Standard_V1,muskmelon
102,11,47,27.99,92.78,6.5,27.15,Loam,Standard_V1,muskmelon
80,18,51,28.05,91.82,6.71,20.77,Loam,Standard_V1,muskmelon
87,21,52,27.35,94.29,6.07,27.21,Loam,Standard_V1,muskmelon
114,8,52,29.34,94.55,6.42,28.23,Sandy-Loam,Standard_V1,muskmelon
99,6,46,28.61,94.22,6.4,28.99,Sandy,Standard_V1,muskmelon
89,25,50,27.05,91.35,6.38,25.08,Loam,Standard_V1,muskmelon
96,13,55,29.53,94.57,6.7,21.14,Sandy-Loam,Standard_V1,muskmelon
82,26,47,28.5,93.47,6.57,24.2,Sandy-Loam,Standard_V1,muskmelon
106,21,52,28.9,94.79,6.29,23.04,Sandy-Loam,Standard_V1,muskmelon
90,15,52,27.05,91.38,6.45,23.66,Loam,Standard_V1,muskmelon
106,16,54,28.96,91.7,6.59,24.75,Sandy,Standard_V1,muskmelon
24,128,196,22.75,90.69,5.52,110.43,Clay-Loam,Standard_V1,apple
7,144,197,23.85,94.35,6.13,114.05,Clay-Loam,Standard_V1,apple
14,128,205,22.61,94.59,6.23,116.04,Loam,Standard_V1,apple
8,120,201,21.19,91.13,6.32,122.23,Loam,Standard_V1,apple
20,129,201,23.41,91.7,5.59,116.08,Loam,Standard_V1,apple
32,137,204,22.86,93.13,5.82,117.73,Silt-Loam,Standard_V1,apple
27,139,205,22.48,93.41,5.77,105.55,Loam,Standard_V1,apple
0,123,205,22.03,92.96,5.79,121.13,Clay-Loam,Standard_V1,apple
22,144,196,21.91,91.69,6.5,117.08,Loam,Standard_V1,apple
1,124,199,23.71,93.27,5.66,112.67,Clay-Loam,Standard_V1,apple
30,122,197,21.38,92.72,5.57,106.14,Silt-Loam,Standard_V1,apple
29,121,196,22.85,94.32,6.08,123.6,Clay-Loam,Standard_V1,apple
13,126,204,23.11,92.8,6.38,108.18,Clay-Loam,Standard_V1,apple
9,139,199,23.25,94.54,5.87,105.36,Loam,Standard_V1,apple
0,133,200,23.67,90.49,5.71,104.23,Loam,Standard_V1,apple
30,143,199,23.77,90.6,5.8,102.26,Clay-Loam,Standard_V1,apple
36,140,198,23.34,91.48,6.28,104.43,Loam,Standard_V1,apple
37,137,199,22.64,90.18,5.7,108.34,Silt-Loam,Standard_V1,apple
33,121,203,22.46,94.76,5.61,114.84,Silt-Loam,Standard_V1,apple
7,144,195,22.96,93.58,5.86,104.65,Loam,Standard_V1,apple
35,128,205,21.07,93.57,6.04,107.87,Silt-Loam,Standard_V1,apple
29,128,198,22.44,92.71,5.69,121.5,Loam,Standard_V1,apple
2,143,196,22.71,90.45,5.67,109.89,Clay-Loam,Standard_V1,apple
34,140,198,21.7,93.44,5.75,115.18,Clay-Loam,Standard_V1,apple
29,144,204,22.43,92.49,5.8,119.1,Silt-Loam,Standard_V1,apple
32,141,203,21.26,92.84,5.82,109.07,Loam,Standard_V1,apple
13,144,197,22.92,94.9,6.28,105.69,Loam,Standard_V1,apple
25,143,198,22.81,91.52,6.03,107.86,Silt-Loam,Standard_V1,apple
9,137,200,21.12,90.69,5.64,102.8,Clay-Loam,Standard_V1,apple
6,144,198,21.11,90.32,5.56,104.51,Silt-Loam,Standard_V1,apple
37,126,196,23.6,90.98,5.6,107.17,Clay-Loam,Standard_V1,apple
2,120,203,23.13,94.71,5.89,108.62,Loam,Standard_V1,apple
11,143,197,22.98,93.32,5.88,122.2,Clay-Loam,Standard_V1,apple
10,141,201,22.13,90.98,6.39,104.54,Silt-Loam,Standard_V1,apple
24,142,202,22.54,91.48,5.71,101.85,Loam,Standard_V1,apple
23,138,195,22.49,91.7,5.8,124.39,Silt-Loam,Standard_V1,apple
18,125,204,22.36,94.48,6.05,116.74,Silt-Loam,Standard_V1,apple
13,121,196,22.21,93.51,6.44,120.16,Clay-Loam,Standard_V1,apple
26,122,202,22.45,94.74,5.62,107.18,Silt-Loam,Standard_V1,apple
28,123,202,22.77,92.12,6.44,120.44,Clay-Loam,Standard_V1,apple
26,121,201,22.19,90.03,6.16,112.31,Loam,Standard_V1,apple
21,137,196,23.61,91.7,5.81,123.59,Clay-Loam,Standard_V1,apple
21,135,198,23.86,94.92,5.77,105.02,Loam,Standard_V1,apple
5,144,205,21.42,92.63,6.18,102.8,Clay-Loam,Standard_V1,apple
2,123,205,22.37,90.79,5.74,124.98,Silt-Loam,Standard_V1,apple
15,133,199,24.0,91.61,5.82,117.61,Clay-Loam,Standard_V1,apple
31,130,198,21.8,92.73,5.55,120.06,Clay-Loam,Standard_V1,apple
25,143,200,23.8,92.8,6.02,100.62,Loam,Standard_V1,apple
16,143,204,23.71,91.53,5.63,121.9,Silt-Loam,Standard_V1,apple
19,122,202,23.34,90.38,5.81,112.9,Clay-Loam,Standard_V1,apple
10,125,196,22.31,90.04,5.73,113.07,Silt-Loam,Standard_V1,apple
20,139,202,23.5,92.21,5.67,107.99,Clay-Loam,Standard_V1,apple
28,123,198,23.46,91.46,5.68,111.78,Clay-Loam,Standard_V1,apple
28,136,200,23.06,92.4,6.25,114.74,Silt-Loam,Standard_V1,apple
2,131,199,22.47,91.23,6.02,124.22,Clay-Loam,Standard_V1,apple
2,140,197,22.7,92.82,5.53,105.05,Silt-Loam,Standard_V1,apple
27,138,201,23.67,93.9,5.95,105.4,Clay-Loam,Standard_V1,apple
30,127,204,22.5,92.46,6.13,100.93,Loam,Standard_V1,apple
32,145,203,23.83,90.84,6.41,109.6,Silt-Loam,Standard_V1,apple
29,139,205,23.64,93.74,6.16,116.69,Clay-Loam,Standard_V1,apple
26,126,195,21.41,92.99,5.88,118.4,Clay-Loam,Standard_V1,apple
40,136,202,22.85,94.58,5.94,117.53,Loam,Standard_V1,apple
6,124,200,22.98,93.85,5.97,109.59,Silt-Loam,Standard_V1,apple
35,138,200,21.2,90.81,5.67,103.68,Clay-Loam,Standard_V1,apple
17,136,196,23.87,90.5,5.88,103.05,Loam,Standard_V1,apple
33,134,205,21.04,94.34,6.09,114.74,Clay-Loam,Standard_V1,apple
16,143,197,22.62,93.52,5.9,116.93,Silt-Loam,Standard_V1,apple
27,120,200,21.45,90.75,6.11,116.7,Clay-Loam,Standard_V1,apple
29,145,205,22.81,92.13,6.21,109.34,Clay-Loam,Standard_V1,apple
3,141,197,21.98,91.13,6.14,115.48,Clay-Loam,Standard_V1,apple
15,123,204,22.53,92.55,6.37,115.38,Clay-Loam,Standard_V1,apple
5,136,195,22.36,91.92,6.26,107.77,Loam,Standard_V1,apple
10,136,204,21.2,92.16,6.28,105.86,Loam,Standard_V1,apple
7,141,195,23.88,93.45,5.51,104.91,Silt-Loam,Standard_V1,apple
2,129,201,22.78,94.37,5.68,122.14,Loam,Standard_V1,apple
29,138,197,22.19,92.44,5.83,121.66,Loam,Standard_V1,apple
30,137,200,22.91,90.7,5.6,118.6,Silt-Loam,Standard_V1,apple
29,132,204,23.09,90.23,6.1,108.22,Loam,Standard_V1,apple
14,139,197,21.72,92.84,6.06,121.7,Loam,Standard_V1,apple
18,125,203,22.44,91.59,6.16,102.56,Silt-Loam,Standard_V1,apple
33,143,204,21.13,91.96,5.81,122.54,Silt-Loam,Standard_V1,apple
40,144,196,22.72,92.25,5.99,107.03,Silt-Loam,Standard_V1,apple
9,143,197,23.75,92.88,5.57,117.66,Clay-Loam,Standard_V1,apple
38,135,203,23.76,93.66,5.97,100.83,Clay-Loam,Standard_V1,apple
28,130,196,22.13,94.68,6.06,112.92,Silt-Loam,Standard_V1,apple
35,142,203,21.17,90.24,5.9,123.65,Silt-Loam,Standard_V1,apple
12,129,205,22.36,91.16,6.12,118.68,Silt-Loam,Standard_V1,apple
1,135,203,22.78,92.7,5.62,113.78,Clay-Loam,Standard_V1,apple
0,145,205,21.23,90.1,5.52,113.98,Clay-Loam,Standard_V1,apple
31,121,201,23.16,90.34,5.73,110.71,Loam,Standard_V1,apple
35,131,203,22.43,93.92,5.89,102.72,Loam,Standard_V1,apple
29,140,195,23.64,90.95,5.56,116.74,Silt-Loam,Standard_V1,apple
33,138,198,22.29,90.69,6.22,122.74,Clay-Loam,Standard_V1,apple
14,140,197,23.35,90.9,6.07,113.04,Clay-Loam,Standard_V1,apple
35,145,195,22.04,94.58,6.23,110.98,Clay-Loam,Standard_V1,apple
40,120,197,23.81,92.49,5.89,119.63,Silt-Loam,Standard_V1,apple
25,132,198,22.32,90.85,5.73,100.12,Loam,Standard_V1,apple
31,137,196,22.14,93.83,6.4,120.63,Silt-Loam,Standard_V1,apple
36,144,196,23.65,94.51,6.5,115.36,Loam,Standard_V1,apple
10,140,197,22.17,90.27,6.23,124.47,Loam,Standard_V1,apple
22,30,12,15.78,92.51,6.35,119.04,Sandy-Loam,Standard_V1,orange
37,6,13,26.03,91.51,7.51,101.28,Loam,Standard_V1,orange
27,13,6,13.36,91.36,7.34,111.23,Loam,Standard_V1,orange
7,16,9,18.88,92.04,7.81,114.67,Alluvial,Standard_V1,orange
20,7,9,29.48,91.58,7.13,111.17,Loam,Standard_V1,orange
26,27,10,28.07,92.91,6.08,114.13,Sandy-Loam,Standard_V1,orange
5,23,15,25.67,92.05,7.41,112.54,Sandy-Loam,Standard_V1,orange
0,18,14,29.77,92.01,7.21,114.42,Loam,Standard_V1,orange
39,24,14,30.55,90.9,7.19,106.07,Alluvial,Standard_V1,orange
13,23,6,23.96,90.26,7.37,102.7,Alluvial,Standard_V1,orange
21,17,15,23.98,91.55,7.46,118.49,Loam,Standard_V1,orange
33,12,8,25.26,90.31,6.82,117.37,Loam,Standard_V1,orange
6,9,12,31.08,90.14,7.03,109.69,Sandy-Loam,Standard_V1,orange
19,7,10,14.78,91.22,6.12,100.2,Loam,Standard_V1,orange
24,18,6,26.57,94.45,6.29,116.38,Alluvial,Standard_V1,orange
9,11,8,24.86,94.39,6.56,111.78,Loam,Standard_V1,orange
31,8,7,34.51,93.64,7.16,103.57,Sandy-Loam,Standard_V1,orange
22,17,5,24.12,90.72,6.95,102.84,Sandy-Loam,Standard_V1,orange
13,5,8,23.85,90.11,7.47,103.92,Sandy-Loam,Standard_V1,orange
16,8,9,24.6,91.28,7.6,111.29,Sandy-Loam,Standard_V1,orange
4,13,6,15.63,94.26,7.56,101.47,Sandy-Loam,Standard_V1,orange
0,25,14,19.34,91.98,6.36,116.45,Loam,Standard_V1,orange
8,7,10,28.26,91.98,6.93,105.21,Loam,Standard_V1,orange
4,23,5,22.68,93.36,7.48,110.33,Loam,Standard_V1,orange
33,14,8,21.03,92.96,7.68,110.68,Loam,Standard_V1,orange
30,7,15,33.23,91.06,7.83,115.77,Sandy-Loam,Standard_V1,orange
21,29,12,22.3,92.16,6.44,117.37,Alluvial,Standard_V1,orange
11,14,5,11.5,94.89,6.95,115.57,Loam,Standard_V1,orange
9,8,15,14.34,94.36,7.99,110.22,Alluvial,Standard_V1,orange
5,18,14,33.11,93.48,7.43,119.17,Loam,Standard_V1,orange
29,25,14,30.49,90.46,7.78,113.33,Loam,Standard_V1,orange
33,12,15,30.26,92.03,6.05,116.72,Alluvial,Standard_V1,orange
8,16,6,12.23,90.26,7.11,108.42,Sandy-Loam,Standard_V1,orange
15,14,8,10.01,90.22,6.22,119.39,Loam,Standard_V1,orange
16,7,8,22.79,90.61,6.42,116.51,Loam,Standard_V1,orange
0,12,7,20.18,90.65,6.97,116.81,Loam,Standard_V1,orange
5,25,6,30.72,94.01,6.01,106.81,Alluvial,Standard_V1,orange
6,8,11,24.36,92.4,6.6,119.69,Sandy-Loam,Standard_V1,orange
10,5,5,21.21,91.35,7.82,112.98,Alluvial,Standard_V1,orange
1,17,6,10.79,91.38,6.82,117.53,Alluvial,Standard_V1,orange
1,30,10,11.9,91.35,7.29,103.58,Sandy-Loam,Standard_V1,orange
0,23,15,22.57,93.37,7.6,109.86,Alluvial,Standard_V1,orange
24,27,9,18.87,93.25,6.16,119.39,Sandy-Loam,Standard_V1,orange
36,11,13,17.34,93.05,7.19,112.72,Loam,Standard_V1,orange
40,21,8,34.91,92.88,7.42,102.19,Sandy-Loam,Standard_V1,orange
40,22,6,24.54,91.91,6.49,115.98,Loam,Standard_V1,orange
32,18,13,13.84,91.75,6.04,107.99,Alluvial,Standard_V1,orange
9,10,10,22.36,93.52,6.01,101.52,Alluvial,Standard_V1,orange
13,16,8,34.74,93.12,6.95,100.2,Loam,Standard_V1,orange
15,9,11,11.55,94.15,7.91,108.83,Alluvial,Standard_V1,orange
29,11,5,23.13,91.95,7.64,104.42,Sandy-Loam,Standard_V1,orange
1,15,9,29.98,94.55,7.53,115.36,Loam,Standard_V1,orange
18,5,11,20.88,90.94,6.25,102.46,Alluvial,Standard_V1,orange
14,22,9,17.25,91.14,6.54,112.51,Loam,Standard_V1,orange
33,15,7,15.83,91.68,7.65,109.76,Sandy-Loam,Standard_V1,orange
4,6,7,23.01,91.12,6.71,112.67,Sandy-Loam,Standard_V1,orange
17,16,14,16.4,92.18,6.63,102.94,Alluvial,Standard_V1,orange
12,20,10,24.45,93.11,6.53,109.47,Sandy-Loam,Standard_V1,orange
34,29,8,31.88,91.15,6.45,105.34,Loam,Standard_V1,orange
39,28,10,31.35,91.48,7.18,109.15,Sandy-Loam,Standard_V1,orange
31,25,12,18.05,90.04,7.02,111.78,Loam,Standard_V1,orange
12,6,8,30.85,92.87,6.39,107.41,Loam,Standard_V1,orange
12,29,13,22.46,91.53,7.57,118.01,Sandy-Loam,Standard_V1,orange
26,11,11,13.7,90.96,7.61,106.29,Alluvial,Standard_V1,orange
19,24,15,20.49,93.72,7.14,111.84,Sandy-Loam,Standard_V1,orange
39,21,9,13.21,94.03,6.35,106.27,Loam,Standard_V1,orange
16,29,13,32.32,93.68,6.2,117.62,Loam,Standard_V1,orange
36,29,13,20.68,90.92,7.83,109.75,Sandy-Loam,Standard_V1,orange
37,23,12,31.53,90.51,6.4,113.12,Alluvial,Standard_V1,orange
39,9,15,25.35,91.81,7.99,116.76,Alluvial,Standard_V1,orange
31,5,14,17.67,91.7,6.58,110.69,Loam,Standard_V1,orange
18,12,8,12.59,91.82,6.21,119.39,Loam,Standard_V1,orange
20,20,10,11.87,93.68,6.98,106.06,Alluvial,Standard_V1,orange
5,8,5,11.03,92.23,6.56,112.77,Sandy-Loam,Standard_V1,orange
20,8,12,25.3,94.96,7.26,117.97,Loam,Standard_V1,orange
25,21,11,32.24,90.15,6.46,104.71,Loam,Standard_V1,orange
14,19,14,17.68,94.36,6.7,108.06,Alluvial,Standard_V1,orange
37,18,12,10.27,90.19,7.4,106.7,Sandy-Loam,Standard_V1,orange
26,15,6,17.22,94.79,6.91,108.01,Alluvial,Standard_V1,orange
13,22,5,19.67,90.5,7.76,100.17,Sandy-Loam,Standard_V1,orange
32,25,9,10.36,93.76,7.8,101.15,Sandy-Loam,Standard_V1,orange
19,7,9,27.26,91.71,6.97,101.14,Sandy-Loam,Standard_V1,orange
28,7,9,34.59,92.13,6.73,115.57,Loam,Standard_V1,orange
24,30,11,32.4,94.52,6.6,113.25,Alluvial,Standard_V1,orange
7,17,10,10.16,91.22,6.47,106.36,Alluvial,Standard_V1,orange
18,23,8,21.49,93.44,6.41,101.48,Sandy-Loam,Standard_V1,orange
7,20,12,16.53,94.77,6.48,110.04,Loam,Standard_V1,orange
20,23,11,31.85,90.12,6.41,109.95,Loam,Standard_V1,orange
18,14,11,28.05,90.01,6.55,117.13,Alluvial,Standard_V1,orange
34,11,10,31.75,94.6,7.36,115.2,Loam,Standard_V1,orange
20,29,10,29.07,93.27,7.37,100.79,Loam,Standard_V1,orange
37,24,13,19.14,90.71,7.85,108.02,Sandy-Loam,Standard_V1,orange
12,8,10,16.15,91.44,8.0,107.43,Loam,Standard_V1,orange
34,10,14,34.05,92.06,6.73,116.8,Sandy-Loam,Standard_V1,orange
6,13,9,34.51,90.56,7.79,118.33,Alluvial,Standard_V1,orange
27,30,5,32.72,90.55,7.66,113.33,Loam,Standard_V1,orange
13,8,12,25.16,92.55,7.11,114.31,Alluvial,Standard_V1,orange
6,7,7,27.68,94.47,7.2,114.0,Alluvial,Standard_V1,orange
40,17,15,21.35,90.95,7.87,107.09,Loam,Standard_V1,orange
31,26,9,11.7,93.26,7.57,103.2,Loam,Standard_V1,orange
61,68,50,35.21,91.5,6.79,243.07,Alluvial,Standard_V1,papaya
58,46,45,42.39,90.79,6.58,88.47,Loam,Standard_V1,papaya
45,47,55,38.42,91.14,6.75,119.27,Sandy-Loam,Standard_V1,papaya
39,65,53,35.33,92.12,6.56,235.61,Sandy-Loam,Standard_V1,papaya
31,68,45,42.92,90.08,6.94,196.24,Loam,Standard_V1,papaya
70,68,45,33.84,92.85,6.99,203.4,Alluvial,Standard_V1,papaya
68,62,50,33.2,92.76,6.98,197.53,Loam,Standard_V1,papaya
34,65,47,23.49,93.71,6.83,191.78,Loam,Standard_V1,papaya
38,68,54,29.34,90.82,6.74,202.06,Alluvial,Standard_V1,papaya
69,64,47,40.21,94.51,6.99,186.68,Alluvial,Standard_V1,papaya
58,51,47,42.13,91.7,6.76,197.4,Sandy-Loam,Standard_V1,papaya
59,47,53,32.86,91.46,6.85,47.27,Alluvial,Standard_V1,papaya
44,64,54,29.81,91.38,6.74,232.7,Sandy-Loam,Standard_V1,papaya
56,57,48,31.56,93.05,6.51,63.62,Alluvial,Standard_V1,papaya
69,60,54,36.32,93.06,6.99,141.17,Loam,Standard_V1,papaya
56,58,49,37.13,94.61,6.69,172.48,Sandy-Loam,Standard_V1,papaya
49,55,53,38.44,93.64,6.54,77.72,Sandy-Loam,Standard_V1,papaya
38,51,52,32.66,90.79,6.93,78.85,Sandy-Loam,Standard_V1,papaya
54,65,47,27.93,91.56,6.72,149.91,Loam,Standard_V1,papaya
57,57,51,39.02,91.49,6.99,105.88,Loam,Standard_V1,papaya
39,52,53,32.51,94.66,6.7,51.07,Loam,Standard_V1,papaya
58,67,45,38.72,91.73,6.7,62.62,Loam,Standard_V1,papaya
61,64,52,43.3,92.83,6.64,110.56,Loam,Standard_V1,papaya
34,62,55,27.59,90.73,6.59,238.5,Sandy-Loam,Standard_V1,papaya
31,48,45,40.79,92.91,6.56,132.79,Loam,Standard_V1,papaya
47,46,52,23.19,91.4,6.5,206.4,Sandy-Loam,Standard_V1,papaya
32,68,52,32.68,92.62,6.8,248.86,Loam,Standard_V1,papaya
36,59,46,34.29,93.61,6.72,127.25,Alluvial,Standard_V1,papaya
61,51,51,39.3,94.16,6.57,120.95,Sandy-Loam,Standard_V1,papaya
70,54,46,39.73,91.12,6.92,122.76,Alluvial,Standard_V1,papaya
44,56,49,39.23,91.26,6.52,64.45,Sandy-Loam,Standard_V1,papaya
34,68,51,27.35,94.18,6.69,40.35,Alluvial,Standard_V1,papaya
50,59,47,40.77,92.09,6.75,209.87,Loam,Standard_V1,papaya
39,70,52,26.27,90.8,6.65,59.49,Loam,Standard_V1,papaya
34,61,49,28.13,93.32,6.5,117.82,Loam,Standard_V1,papaya
44,60,55,34.28,90.56,6.83,98.54,Sandy-Loam,Standard_V1,papaya
31,62,52,33.8,93.01,6.99,182.03,Alluvial,Standard_V1,papaya
65,62,51,31.53,90.87,6.51,207.07,Loam,Standard_V1,papaya
44,57,53,42.3,90.51,6.93,74.88,Alluvial,Standard_V1,papaya
50,47,48,24.64,90.62,6.71,218.23,Alluvial,Standard_V1,papaya
43,50,48,28.28,91.37,6.63,179.27,Loam,Standard_V1,papaya
60,46,53,24.49,92.98,6.76,183.49,Loam,Standard_V1,papaya
70,68,55,42.85,94.64,6.69,78.81,Alluvial,Standard_V1,papaya
59,62,52,43.68,93.11,6.61,103.82,Loam,Standard_V1,papaya
60,58,51,42.07,92.92,6.84,165.74,Loam,Standard_V1,papaya
42,60,47,33.47,92.13,6.83,136.83,Loam,Standard_V1,papaya
35,66,47,31.7,91.66,6.95,48.84,Sandy-Loam,Standard_V1,papaya
34,65,48,41.42,90.04,6.67,199.31,Alluvial,Standard_V1,papaya
36,54,46,42.55,94.94,6.66,214.41,Alluvial,Standard_V1,papaya
39,64,52,28.92,94.64,6.68,63.69,Sandy-Loam,Standard_V1,papaya
37,52,47,43.08,93.9,6.54,211.85,Alluvial,Standard_V1,papaya
33,47,46,29.2,93.97,6.84,209.41,Loam,Standard_V1,papaya
34,48,48,41.04,91.37,6.81,181.53,Alluvial,Standard_V1,papaya
49,54,50,25.62,93.18,6.76,97.26,Loam,Standard_V1,papaya
40,65,49,35.33,91.06,6.68,163.91,Sandy-Loam,Standard_V1,papaya
68,52,49,24.43,92.28,6.58,63.35,Loam,Standard_V1,papaya
50,46,52,31.18,90.22,6.73,54.02,Alluvial,Standard_V1,papaya
65,63,50,31.88,91.33,6.52,79.27,Alluvial,Standard_V1,papaya
40,49,47,42.93,91.18,6.5,246.36,Alluvial,Standard_V1,papaya
42,53,48,23.11,94.32,6.76,231.52,Sandy-Loam,Standard_V1,papaya
49,55,51,24.87,93.91,6.68,135.17,Sandy-Loam,Standard_V1,papaya
59,62,49,43.36,93.35,6.94,114.78,Alluvial,Standard_V1,papaya
63,58,47,26.83,90.75,6.86,144.67,Loam,Standard_V1,papaya
70,65,52,30.42,93.13,6.58,75.95,Sandy-Loam,Standard_V1,papaya
63,50,52,28.65,93.23,6.75,115.82,Alluvial,Standard_V1,papaya
40,64,47,32.5,93.48,6.89,71.74,Alluvial,Standard_V1,papaya
63,58,50,43.04,94.64,6.72,41.59,Sandy-Loam,Standard_V1,papaya
45,58,49,30.11,90.35,6.83,75.25,Sandy-Loam,Standard_V1,papaya
66,69,47,23.69,93.61,6.91,87.53,Sandy-Loam,Standard_V1,papaya
54,67,52,35.68,93.31,6.59,141.34,Loam,Standard_V1,papaya
69,67,52,27.72,94.44,6.83,82.83,Loam,Standard_V1,papaya
67,68,49,35.27,92.38,6.82,149.85,Alluvial,Standard_V1,papaya
45,57,47,23.17,90.79,6.66,161.69,Sandy-Loam,Standard_V1,papaya
56,50,52,33.09,92.25,6.77,88.13,Loam,Standard_V1,papaya
70,50,53,37.46,90.45,6.93,172.35,Sandy-Loam,Standard_V1,papaya
44,47,45,38.73,94.74,6.58,218.14,Alluvial,Standard_V1,papaya
50,60,47,32.58,92.75,6.93,93.79,Loam,Standard_V1,papaya
52,51,53,38.38,93.1,6.99,210.27,Loam,Standard_V1,papaya
35,68,45,42.94,90.09,6.61,234.85,Loam,Standard_V1,papaya
68,69,52,25.65,92.75,6.81,52.95,Alluvial,Standard_V1,papaya
32,55,52,37.59,92.0,6.97,159.66,Sandy-Loam,Standard_V1,papaya
32,55,51,29.61,93.16,6.57,62.69,Loam,Standard_V1,papaya
48,62,47,25.35,93.03,6.8,174.4,Alluvial,Standard_V1,papaya
39,69,53,25.93,93.02,6.96,241.82,Sandy-Loam,Standard_V1,papaya
49,61,45,32.77,94.57,6.76,240.48,Alluvial,Standard_V1,papaya
48,57,54,29.02,90.2,6.62,126.81,Sandy-Loam,Standard_V1,papaya
69,66,49,40.0,90.17,6.53,92.12,Alluvial,Standard_V1,papaya
53,55,55,33.32,91.25,6.71,234.5,Sandy-Loam,Standard_V1,papaya
38,61,52,31.23,94.94,6.62,46.44,Loam,Standard_V1,papaya
57,64,55,26.68,92.96,6.58,62.51,Sandy-Loam,Standard_V1,papaya
51,57,55,24.71,90.15,6.68,108.41,Alluvial,Standard_V1,papaya
56,65,45,38.2,93.97,6.75,218.09,Alluvial,Standard_V1,papaya
54,66,52,36.57,93.8,6.87,104.42,Sandy-Loam,Standard_V1,papaya
58,55,47,26.05,93.69,6.74,240.69,Loam,Standard_V1,papaya
68,70,54,31.3,92.76,6.99,54.78,Loam,Standard_V1,papaya
42,59,55,40.1,94.35,6.98,149.12,Sandy-Loam,Standard_V1,papaya
43,64,47,38.59,91.58,6.83,102.27,Sandy-Loam,Standard_V1,papaya
35,67,49,41.31,91.15,6.62,239.74,Alluvial,Standard_V1,papaya
56,59,55,37.04,91.79,6.55,188.52,Loam,Standard_V1,papaya
39,64,53,23.01,91.07,6.6,208.34,Sandy-Loam,Standard_V1,papaya
18,30,29,26.76,92.86,6.42,224.59,Sandy-Loam,Standard_V1,coconut
37,23,28,25.61,94.31,5.74,224.32,Alluvial,Standard_V1,coconut
13,28,33,28.13,95.65,5.69,151.08,Alluvial,Standard_V1,coconut
2,21,35,25.03,91.54,6.29,179.82,Sandy-Loam,Standard_V1,coconut
10,18,35,27.8,99.65,6.38,181.69,Alluvial,Standard_V1,coconut
7,11,32,29.26,95.11,5.54,184.76,Alluvial,Standard_V1,coconut
39,5,31,27.1,93.7,5.55,150.95,Laterite,Standard_V1,coconut
34,6,27,25.85,90.93,5.86,147.89,Alluvial,Standard_V1,coconut
31,30,29,26.59,90.99,5.56,178.81,Alluvial,Standard_V1,coconut
25,7,35,28.39,99.19,5.56,189.67,Alluvial,Standard_V1,coconut
16,18,26,28.44,91.81,5.57,145.54,Laterite,Standard_V1,coconut
26,10,33,28.27,96.94,6.07,198.82,Sandy-Loam,Standard_V1,coconut
27,8,32,27.01,96.46,5.63,144.33,Laterite,Standard_V1,coconut
37,18,30,27.64,99.35,6.38,157.92,Laterite,Standard_V1,coconut
19,15,34,26.3,99.66,5.69,215.92,Sandy-Loam,Standard_V1,coconut
0,19,33,27.13,95.24,6.23,204.72,Laterite,Standard_V1,coconut
31,20,26,25.57,97.61,6.44,199.79,Sandy-Loam,Standard_V1,coconut
9,17,32,25.95,93.41,5.84,172.05,Laterite,Standard_V1,coconut
22,11,29,28.03,95.02,5.96,218.01,Sandy-Loam,Standard_V1,coconut
31,6,26,29.13,91.31,5.74,157.24,Alluvial,Standard_V1,coconut
34,6,30,27.08,97.0,5.95,171.76,Laterite,Standard_V1,coconut
24,6,32,28.11,90.02,6.39,172.48,Laterite,Standard_V1,coconut
1,8,26,27.51,94.19,5.56,156.67,Laterite,Standard_V1,coconut
31,13,33,27.64,95.49,5.86,205.55,Laterite,Standard_V1,coconut
10,9,28,29.01,94.01,6.28,150.05,Alluvial,Standard_V1,coconut
36,27,26,26.58,95.79,6.25,171.63,Laterite,Standard_V1,coconut
38,24,33,28.29,97.0,5.97,142.94,Alluvial,Standard_V1,coconut
11,6,25,28.69,96.65,6.08,178.96,Alluvial,Standard_V1,coconut
16,14,30,29.71,96.3,6.37,209.85,Alluvial,Standard_V1,coconut
33,14,35,27.15,96.66,6.03,149.24,Alluvial,Standard_V1,coconut
16,6,29,29.29,91.96,5.87,132.15,Sandy-Loam,Standard_V1,coconut
32,11,31,25.07,93.31,6.21,134.84,Sandy-Loam,Standard_V1,coconut
38,14,30,26.92,91.2,5.57,194.9,Laterite,Standard_V1,coconut
8,6,33,28.28,93.65,6.1,171.95,Sandy-Loam,Standard_V1,coconut
23,6,33,29.18,92.73,6.03,204.96,Sandy-Loam,Standard_V1,coconut
29,25,35,28.36,91.65,5.54,160.73,Laterite,Standard_V1,coconut
24,14,33,29.38,93.28,6.37,218.52,Laterite,Standard_V1,coconut
32,12,30,25.39,98.09,5.58,218.08,Laterite,Standard_V1,coconut
30,25,31,26.31,98.62,5.8,208.12,Sandy-Loam,Standard_V1,coconut
14,21,35,29.53,91.91,6.12,194.31,Sandy-Loam,Standard_V1,coconut
27,22,29,28.83,92.17,6.0,145.42,Laterite,Standard_V1,coconut
40,5,29,28.48,97.77,5.82,160.39,Alluvial,Standard_V1,coconut
17,11,32,28.74,93.4,5.62,156.77,Laterite,Standard_V1,coconut
30,30,35,25.01,95.59,6.0,165.81,Alluvial,Standard_V1,coconut
28,10,30,29.87,91.15,6.31,192.77,Alluvial,Standard_V1,coconut
39,7,29,27.54,94.59,6.36,150.2,Laterite,Standard_V1,coconut
32,20,35,26.52,98.38,5.59,144.63,Laterite,Standard_V1,coconut
7,15,32,25.04,95.9,6.18,174.8,Laterite,Standard_V1,coconut
29,17,29,29.2,95.67,5.96,211.25,Sandy-Loam,Standard_V1,coconut
34,15,34,27.06,91.11,5.68,224.7,Alluvial,Standard_V1,coconut
14,23,25,26.19,96.97,5.61,135.42,Sandy-Loam,Standard_V1,coconut
18,19,29,27.59,92.49,6.21,162.84,Sandy-Loam,Standard_V1,coconut
7,21,35,25.76,94.66,5.76,131.25,Laterite,Standard_V1,coconut
24,27,34,28.88,95.11,6.2,145.06,Sandy-Loam,Standard_V1,coconut
39,29,29,26.51,94.48,6.14,199.88,Laterite,Standard_V1,coconut
29,8,28,26.87,91.73,6.1,214.41,Alluvial,Standard_V1,coconut
10,24,27,27.57,94.9,5.71,145.93,Laterite,Standard_V1,coconut
0,29,32,28.06,98.37,5.87,171.65,Sandy-Loam,Standard_V1,coconut
32,11,31,29.52,92.56,6.46,131.21,Sandy-Loam,Standard_V1,coconut
37,10,32,28.96,95.16,6.17,222.8,Laterite,Standard_V1,coconut
20,29,27,25.1,92.36,6.05,157.76,Laterite,Standard_V1,coconut
31,29,35,27.19,92.2,6.14,141.32,Sandy-Loam,Standard_V1,coconut
17,30,27,29.03,90.79,5.89,205.57,Alluvial,Standard_V1,coconut
1,12,30,27.75,95.95,5.56,131.09,Alluvial,Standard_V1,coconut
6,13,29,27.31,99.97,5.83,201.83,Laterite,Standard_V1,coconut
15,28,32,28.84,99.64,6.22,224.4,Alluvial,Standard_V1,coconut
27,24,29,26.61,96.97,6.14,191.01,Sandy-Loam,Standard_V1,coconut
3,23,30,29.7,95.66,6.08,215.2,Laterite,Standard_V1,coconut
8,26,26,25.55,91.64,5.7,212.87,Sandy-Loam,Standard_V1,coconut
20,28,26,26.38,91.5,5.55,167.05,Sandy-Loam,Standard_V1,coconut
26,18,27,27.46,92.91,5.84,142.14,Alluvial,Standard_V1,coconut
1,6,35,27.02,95.72,6.23,147.17,Laterite,Standard_V1,coconut
27,30,31,28.99,90.74,5.72,148.84,Laterite,Standard_V1,coconut
23,7,34,26.11,91.52,5.85,134.13,Alluvial,Standard_V1,coconut
0,26,31,25.07,95.02,5.55,192.9,Sandy-Loam,Standard_V1,coconut
38,6,25,25.55,96.93,6.16,191.3,Sandy-Loam,Standard_V1,coconut
25,12,26,28.57,95.68,6.44,134.84,Sandy-Loam,Standard_V1,coconut
40,5,32,26.07,96.7,5.98,143.53,Sandy-Loam,Standard_V1,coconut
0,19,31,25.52,94.38,6.27,178.73,Laterite,Standard_V1,coconut
26,9,32,25.95,94.74,6.47,144.16,Laterite,Standard_V1,coconut
35,30,34,28.3,95.41,6.14,182.45,Alluvial,Standard_V1,coconut
19,30,30,29.57,91.41,5.83,224.83,Alluvial,Standard_V1,coconut
31,13,33,29.7,95.21,6.34,148.3,Laterite,Standard_V1,coconut
17,29,26,26.14,93.28,6.07,195.41,Laterite,Standard_V1,coconut
2,30,30,26.0,94.8,6.33,209.54,Sandy-Loam,Standard_V1,coconut
30,13,25,27.15,91.49,6.41,164.92,Sandy-Loam,Standard_V1,coconut
8,15,33,28.97,98.1,5.5,213.9,Alluvial,Standard_V1,coconut
18,12,35,26.14,96.39,6.34,131.34,Laterite,Standard_V1,coconut
8,28,30,25.52,94.33,6.02,135.13,Alluvial,Standard_V1,coconut
40,22,29,27.56,99.98,5.74,174.63,Laterite,Standard_V1,coconut
27,10,33,27.81,97.48,6.47,154.06,Sandy-Loam,Standard_V1,coconut
21,20,31,25.6,99.72,5.86,165.82,Alluvial,Standard_V1,coconut
3,9,35,26.92,99.85,6.32,225.63,Alluvial,Standard_V1,coconut
22,16,27,29.18,90.27,6.01,188.93,Laterite,Standard_V1,coconut
27,8,30,26.45,98.3,6.01,221.23,Sandy-Loam,Standard_V1,coconut
22,8,33,28.44,95.88,5.67,203.93,Alluvial,Standard_V1,coconut
28,27,32,28.94,93.0,5.76,191.77,Sandy-Loam,Standard_V1,coconut
23,21,26,26.45,93.45,5.9,149.22,Alluvial,Standard_V1,coconut
37,5,34,25.79,93.84,5.78,152.42,Sandy-Loam,Standard_V1,coconut
19,26,29,26.93,98.8,5.67,166.57,Laterite,Standard_V1,coconut
133,47,24,24.4,79.2,7.23,90.8,Alluvial,Standard_V1,cotton
136,36,20,23.1,84.86,6.93,71.3,Alluvial,Standard_V1,cotton
104,47,18,23.97,76.98,7.63,90.76,Black,Standard_V1,cotton
133,47,23,24.89,75.62,6.83,89.76,Black,Standard_V1,cotton
126,38,23,25.36,83.63,6.18,88.44,Alluvial,Standard_V1,cotton
126,50,19,24.69,81.74,6.63,78.58,Clay-Loam,Standard_V1,cotton
113,41,20,25.0,80.54,7.26,96.33,Black,Standard_V1,cotton
121,45,22,22.46,81.31,6.44,64.23,Black,Standard_V1,cotton
121,47,16,23.61,79.3,7.72,72.5,Black,Standard_V1,cotton
129,60,22,24.58,79.12,5.95,71.95,Alluvial,Standard_V1,cotton
107,45,25,23.09,83.56,7.23,71.84,Alluvial,Standard_V1,cotton
122,59,18,23.5,83.63,6.22,79.81,Alluvial,Standard_V1,cotton
140,38,15,24.15,75.88,6.02,69.92,Alluvial,Standard_V1,cotton
102,49,21,24.69,84.84,6.25,89.8,Clay-Loam,Standard_V1,cotton
111,40,25,24.48,84.45,6.19,90.94,Clay-Loam,Standard_V1,cotton
131,35,18,24.49,82.24,7.06,64.03,Alluvial,Standard_V1,cotton
135,43,16,23.48,81.73,6.72,86.76,Clay-Loam,Standard_V1,cotton
100,46,18,24.19,76.04,6.43,69.08,Black,Standard_V1,cotton
123,39,24,25.01,78.18,7.45,86.06,Black,Standard_V1,cotton
117,56,15,25.99,77.05,7.37,89.12,Black,Standard_V1,cotton
121,36,24,23.66,81.69,7.35,99.37,Alluvial,Standard_V1,cotton
101,58,18,25.67,81.38,6.65,78.6,Black,Standard_V1,cotton
107,42,24,22.05,84.63,6.14,86.01,Clay-Loam,Standard_V1,cotton
100,41,22,22.42,84.56,7.32,93.47,Alluvial,Standard_V1,cotton
125,39,21,25.03,82.21,7.95,95.02,Clay-Loam,Standard_V1,cotton
105,60,23,23.53,77.22,6.21,87.54,Black,Standard_V1,cotton
102,46,19,22.77,82.6,6.63,81.5,Black,Standard_V1,cotton
131,49,22,25.5,79.98,7.31,67.06,Black,Standard_V1,cotton
139,35,15,25.25,83.46,5.9,86.56,Alluvial,Standard_V1,cotton
108,36,19,22.78,77.51,7.24,64.61,Clay-Loam,Standard_V1,cotton
118,45,23,23.37,77.43,7.98,71.68,Alluvial,Standard_V1,cotton
107,51,22,24.87,78.22,5.98,79.57,Alluvial,Standard_V1,cotton
125,60,17,24.14,84.52,6.79,80.36,Black,Standard_V1,cotton
113,37,20,25.03,79.04,7.39,97.1,Alluvial,Standard_V1,cotton
131,52,16,23.66,84.48,6.49,88.54,Alluvial,Standard_V1,cotton
115,48,16,25.54,84.09,7.18,88.94,Black,Standard_V1,cotton
113,38,25,22.0,79.47,7.39,90.42,Alluvial,Standard_V1,cotton
111,41,18,23.64,78.13,6.11,80.96,Black,Standard_V1,cotton
111,53,19,23.96,78.03,6.42,84.63,Black,Standard_V1,cotton
122,48,16,24.65,75.64,6.31,61.83,Black,Standard_V1,cotton
108,46,17,24.3,84.88,6.93,65.02,Black,Standard_V1,cotton
132,41,22,24.29,81.02,7.81,90.42,Alluvial,Standard_V1,cotton
103,42,17,24.29,84.62,6.53,81.06,Black,Standard_V1,cotton
133,50,25,25.72,81.2,7.57,99.93,Black,Standard_V1,cotton
127,37,18,24.88,76.3,7.04,91.92,Alluvial,Standard_V1,cotton
110,39,25,22.61,77.34,7.21,75.14,Alluvial,Standard_V1,cotton
131,38,19,23.87,75.68,6.81,90.45,Clay-Loam,Standard_V1,cotton
108,38,24,23.41,76.44,7.44,78.82,Alluvial,Standard_V1,cotton
122,40,17,24.96,81.32,6.85,80.04,Alluvial,Standard_V1,cotton
111,50,15,25.17,80.3,7.88,84.62,Clay-Loam,Standard_V1,cotton
140,40,17,22.73,77.08,6.01,77.55,Alluvial,Standard_V1,cotton
100,40,20,22.45,76.26,7.43,86.85,Alluvial,Standard_V1,cotton
123,50,16,23.05,75.54,6.5,70.66,Alluvial,Standard_V1,cotton
107,36,21,25.29,75.67,6.21,62.64,Alluvial,Standard_V1,cotton
118,50,19,22.96,82.34,6.36,66.48,Clay-Loam,Standard_V1,cotton
103,51,20,22.8,84.15,7.05,91.64,Alluvial,Standard_V1,cotton
133,57,19,23.54,75.98,7.95,84.13,Alluvial,Standard_V1,cotton
129,47,20,24.41,80.8,6.28,98.6,Clay-Loam,Standard_V1,cotton
116,52,19,22.94,75.37,6.11,67.08,Black,Standard_V1,cotton
114,40,23,25.54,81.14,6.75,95.43,Clay-Loam,Standard_V1,cotton
131,60,17,25.32,81.79,7.43,83.47,Black,Standard_V1,cotton
107,43,18,22.43,81.53,6.75,65.54,Clay-Loam,Standard_V1,cotton
123,44,21,25.79,75.01,7.64,91.4,Clay-Loam,Standard_V1,cotton
112,49,25,25.69,77.91,6.47,66.19,Alluvial,Standard_V1,cotton
119,44,15,22.15,82.86,7.09,60.65,Black,Standard_V1,cotton
130,59,19,25.07,82.5,6.52,93.51,Alluvial,Standard_V1,cotton
127,53,24,22.22,76.18,6.13,70.41,Black,Standard_V1,cotton
134,52,18,23.96,76.59,7.99,76.13,Clay-Loam,Standard_V1,cotton
109,36,18,25.4,76.53,7.52,62.51,Clay-Loam,Standard_V1,cotton
100,48,17,23.78,83.04,7.83,66.27,Black,Standard_V1,cotton
132,52,19,24.16,76.74,6.44,61.95,Alluvial,Standard_V1,cotton
102,37,25,25.31,77.92,5.91,72.83,Alluvial,Standard_V1,cotton
111,39,22,22.6,80.35,6.14,88.57,Alluvial,Standard_V1,cotton
117,51,15,22.95,78.72,6.04,99.75,Alluvial,Standard_V1,cotton
136,36,24,22.74,80.41,7.6,90.07,Clay-Loam,Standard_V1,cotton
134,56,18,23.81,83.92,6.69,70.97,Clay-Loam,Standard_V1,cotton
112,54,15,25.46,81.57,6.18,76.89,Clay-Loam,Standard_V1,cotton
105,56,15,25.97,81.98,7.27,74.14,Clay-Loam,Standard_V1,cotton
140,45,15,25.53,80.05,5.8,99.4,Clay-Loam,Standard_V1,cotton
126,46,25,24.44,81.7,6.76,60.8,Alluvial,Standard_V1,cotton
106,49,24,23.04,76.47,6.98,90.65,Alluvial,Standard_V1,cotton
121,53,19,23.51,76.73,7.98,80.11,Alluvial,Standard_V1,cotton
108,60,17,22.76,76.76,6.56,97.77,Alluvial,Standard_V1,cotton
116,56,17,24.71,77.73,7.98,85.25,Clay-Loam,Standard_V1,cotton
100,52,19,23.46,82.45,7.9,93.5,Clay-Loam,Standard_V1,cotton
129,43,16,25.55,77.85,6.73,78.58,Clay-Loam,Standard_V1,cotton
118,44,23,22.08,82.83,6.69,67.06,Black,Standard_V1,cotton
117,43,25,24.69,78.51,7.84,69.31,Alluvial,Standard_V1,cotton
126,37,21,25.85,84.17,6.61,77.03,Alluvial,Standard_V1,cotton
120,48,16,22.46,75.41,7.46,71.85,Clay-Loam,Standard_V1,cotton
102,45,16,23.66,77.52,7.29,74.9,Alluvial,Standard_V1,cotton
131,56,20,22.01,81.84,7.76,92.24,Alluvial,Standard_V1,cotton
114,40,17,24.33,80.13,6.36,69.45,Clay-Loam,Standard_V1,cotton
101,37,18,22.92,82.69,7.64,92.92,Black,Standard_V1,cotton
106,46,20,23.44,78.63,6.2,81.15,Black,Standard_V1,cotton
113,38,20,22.11,78.58,6.36,74.94,Black,Standard_V1,cotton
102,53,21,23.04,76.11,6.91,91.5,Clay-Loam,Standard_V1,cotton
110,39,18,24.55,75.4,7.77,63.88,Alluvial,Standard_V1,cotton
107,58,15,23.74,75.78,7.56,76.64,Clay-Loam,Standard_V1,cotton
120,60,15,22.32,83.86,7.29,65.36,Clay-Loam,Standard_V1,cotton
89,47,38,25.52,72.25,6.0,151.89,Loam,Standard_V1,jute
60,37,39,26.59,82.94,6.03,161.25,Alluvial,Standard_V1,jute
63,41,45,25.3,86.89,7.12,196.62,Alluvial,Standard_V1,jute
86,40,39,25.72,88.17,6.21,175.61,Clay-Loam,Standard_V1,jute
96,41,40,23.58,72.0,6.09,190.42,Alluvial,Standard_V1,jute
100,35,36,25.31,72.01,6.35,190.56,Clay-Loam,Standard_V1,jute
63,37,43,23.42,85.09,6.66,185.74,Clay-Loam,Standard_V1,jute
70,43,40,24.36,88.8,6.18,169.12,Loam,Standard_V1,jute
67,55,44,26.28,75.15,7.25,182.27,Loam,Standard_V1,jute
74,40,40,25.14,83.12,6.39,169.34,Loam,Standard_V1,jute
89,53,44,24.89,71.92,7.32,150.25,Clay-Loam,Standard_V1,jute
74,46,45,25.76,88.37,6.03,189.43,Loam,Standard_V1,jute
89,41,38,23.13,74.68,6.34,199.84,Alluvial,Standard_V1,jute
60,55,40,24.99,88.96,7.03,151.49,Alluvial,Standard_V1,jute
67,43,38,25.22,70.88,7.3,195.86,Clay-Loam,Standard_V1,jute
70,38,35,24.4,79.27,7.01,164.27,Clay-Loam,Standard_V1,jute
74,49,38,23.31,71.45,7.49,164.5,Loam,Standard_V1,jute
90,40,39,25.73,81.86,6.63,191.96,Clay-Loam,Standard_V1,jute
82,35,44,26.97,78.21,6.24,169.84,Clay-Loam,Standard_V1,jute
73,45,37,23.7,74.64,6.74,181.28,Alluvial,Standard_V1,jute
85,53,38,24.9,73.84,6.59,153.9,Alluvial,Standard_V1,jute
81,56,36,23.4,72.61,7.1,174.79,Loam,Standard_V1,jute
84,55,38,26.87,79.79,6.96,173.1,Clay-Loam,Standard_V1,jute
80,45,42,23.14,75.0,7.38,151.9,Clay-Loam,Standard_V1,jute
76,54,45,24.29,77.63,6.18,184.98,Alluvial,Standard_V1,jute
76,56,39,24.39,89.89,6.55,197.12,Clay-Loam,Standard_V1,jute
81,40,45,25.76,80.76,6.43,174.51,Alluvial,Standard_V1,jute
76,44,45,25.49,84.48,6.74,168.78,Loam,Standard_V1,jute
69,47,40,25.37,76.24,6.13,183.83,Alluvial,Standard_V1,jute
82,40,45,26.21,81.7,6.67,180.12,Clay-Loam,Standard_V1,jute
69,57,35,24.31,78.54,6.19,186.23,Loam,Standard_V1,jute
81,36,38,23.77,87.98,6.33,150.32,Alluvial,Standard_V1,jute
67,60,38,24.8,78.53,7.16,162.28,Alluvial,Standard_V1,jute
72,51,40,23.21,74.1,7.42,199.48,Loam,Standard_V1,jute
65,39,45,23.67,70.89,6.77,184.46,Loam,Standard_V1,jute
78,50,43,25.12,85.73,6.35,159.57,Alluvial,Standard_V1,jute
77,52,41,23.89,83.46,6.1,167.72,Clay-Loam,Standard_V1,jute
89,52,42,23.09,81.45,6.14,196.66,Alluvial,Standard_V1,jute
62,49,37,24.22,82.85,7.48,166.14,Loam,Standard_V1,jute
90,48,45,24.06,71.31,6.51,153.64,Alluvial,Standard_V1,jute
66,47,36,24.85,74.44,6.57,175.57,Loam,Standard_V1,jute
80,52,39,26.42,76.86,7.17,197.21,Loam,Standard_V1,jute
89,52,45,24.89,77.01,7.21,196.47,Clay-Loam,Standard_V1,jute
77,51,44,23.26,82.7,7.12,166.22,Loam,Standard_V1,jute
94,37,41,24.76,87.06,6.46,179.16,Loam,Standard_V1,jute
75,41,35,24.97,78.63,6.86,166.64,Clay-Loam,Standard_V1,jute
60,55,36,26.13,80.49,7.13,150.63,Loam,Standard_V1,jute
62,56,35,25.98,81.66,6.24,163.35,Clay-Loam,Standard_V1,jute
84,40,42,26.28,73.36,6.7,186.69,Clay-Loam,Standard_V1,jute
100,56,40,26.39,83.31,7.43,176.15,Loam,Standard_V1,jute
75,56,44,25.27,73.75,6.11,168.04,Loam,Standard_V1,jute
78,46,42,23.09,78.46,7.1,155.39,Alluvial,Standard_V1,jute
82,48,36,25.79,81.77,6.35,193.24,Clay-Loam,Standard_V1,jute
100,58,41,23.17,87.88,6.66,160.62,Alluvial,Standard_V1,jute
88,50,40,25.63,79.95,7.05,182.26,Loam,Standard_V1,jute
67,41,40,25.85,87.82,7.33,152.62,Alluvial,Standard_V1,jute
72,42,43,26.57,80.9,6.35,181.29,Clay-Loam,Standard_V1,jute
89,40,43,26.25,72.97,7.12,189.97,Alluvial,Standard_V1,jute
89,57,43,26.92,73.2,7.0,177.22,Clay-Loam,Standard_V1,jute
61,41,44,24.37,82.11,6.54,159.92,Loam,Standard_V1,jute
79,45,43,25.72,79.16,7.17,187.17,Loam,Standard_V1,jute
84,40,43,25.01,88.33,7.23,169.42,Clay-Loam,Standard_V1,jute
98,43,35,25.41,76.44,7.32,188.64,Loam,Standard_V1,jute
75,36,44,23.28,74.28,6.61,153.74,Loam,Standard_V1,jute
89,58,35,23.99,82.09,6.1,167.06,Loam,Standard_V1,jute
91,41,37,24.49,83.21,6.13,192.23,Loam,Standard_V1,jute
77,48,36,25.87,84.1,7.36,154.84,Clay-Loam,Standard_V1,jute
66,58,35,23.56,79.46,7.32,185.26,Alluvial,Standard_V1,jute
62,59,41,24.22,74.89,7.18,192.49,Alluvial,Standard_V1,jute
82,35,35,25.49,86.97,7.3,176.53,Loam,Standard_V1,jute
61,41,35,24.97,79.48,6.84,195.76,Alluvial,Standard_V1,jute
99,57,38,24.81,82.09,6.36,156.36,Alluvial,Standard_V1,jute
70,42,43,23.17,76.67,6.51,157.12,Loam,Standard_V1,jute
90,59,35,24.25,89.86,7.1,175.17,Loam,Standard_V1,jute
73,43,42,26.58,78.01,6.31,154.82,Alluvial,Standard_V1,jute
67,46,44,26.82,78.2,7.09,153.92,Clay-Loam,Standard_V1,jute
84,37,42,25.5,81.13,6.69,169.93,Loam,Standard_V1,jute
72,41,36,24.1,80.57,6.19,176.86,Clay-Loam,Standard_V1,jute
71,56,37,23.19,86.21,6.49,176.1,Alluvial,Standard_V1,jute
64,53,38,26.24,78.51,6.86,183.41,Loam,Standard_V1,jute
65,54,39,23.75,71.15,7.12,160.09,Clay-Loam,Standard_V1,jute
60,58,37,26.14,79.12,6.07,171.49,Loam,Standard_V1,jute
86,39,43,26.15,71.24,6.43,193.1,Alluvial,Standard_V1,jute
90,50,44,26.92,73.49,6.25,171.47,Clay-Loam,Standard_V1,jute
91,38,36,26.52,77.17,7.29,157.85,Alluvial,Standard_V1,jute
87,48,38,23.82,80.94,7.16,190.31,Alluvial,Standard_V1,jute
72,41,36,26.51,86.84,6.07,152.98,Loam,Standard_V1,jute
71,54,35,26.64,70.96,7.31,199.34,Clay-Loam,Standard_V1,jute
82,46,41,23.33,79.8,6.58,187.31,Alluvial,Standard_V1,jute
71,52,43,26.48,73.96,6.73,180.25,Alluvial,Standard_V1,jute
80,43,43,23.79,74.37,6.01,172.64,Clay-Loam,Standard_V1,jute
77,55,43,25.5,76.0,6.66,193.71,Alluvial,Standard_V1,jute
95,57,41,23.25,73.65,6.43,184.77,Alluvial,Standard_V1,jute
63,47,35,26.99,89.06,7.43,193.88,Clay-Loam,Standard_V1,jute
93,43,38,23.61,86.14,6.99,150.24,Clay-Loam,Standard_V1,jute
87,44,43,23.87,86.79,6.72,177.51,Clay-Loam,Standard_V1,jute
88,52,39,23.93,88.07,6.88,154.66,Clay-Loam,Standard_V1,jute
90,39,37,24.81,81.69,6.86,190.79,Loam,Standard_V1,jute
90,39,43,24.45,82.29,6.77,190.97,Clay-Loam,Standard_V1,jute
84,38,43,26.57,73.82,7.26,159.32,Loam,Standard_V1,jute
91,21,26,26.33,57.36,7.26,191.65,Red-Loam,Standard_V1,coffee
107,21,26,26.45,55.32,7.24,144.69,Red-Loam,Standard_V1,coffee
83,38,35,25.71,52.89,7.19,136.73,Loam,Standard_V1,coffee
108,24,31,24.13,56.18,6.43,147.28,Red-Loam,Standard_V1,coffee
116,28,34,23.44,60.4,6.42,122.21,Red-Loam,Standard_V1,coffee
116,23,25,23.41,52.27,6.87,139.37,Loam,Standard_V1,coffee
109,31,27,23.06,50.41,6.97,164.5,Loam,Standard_V1,coffee
89,25,34,23.08,63.66,7.18,129.88,Loam,Standard_V1,coffee
118,18,32,27.65,51.11,6.35,122.84,Laterite,Standard_V1,coffee
111,32,34,25.47,69.35,6.39,171.38,Loam,Standard_V1,coffee
84,36,28,26.74,55.55,6.12,140.63,Loam,Standard_V1,coffee
85,33,25,26.21,52.51,6.91,189.09,Red-Loam,Standard_V1,coffee
99,15,27,27.04,57.28,6.5,165.69,Loam,Standard_V1,coffee
81,30,31,24.65,51.94,7.03,135.14,Laterite,Standard_V1,coffee
95,39,29,27.35,55.99,7.13,148.98,Loam,Standard_V1,coffee
81,34,30,25.18,62.26,6.65,135.01,Laterite,Standard_V1,coffee
80,15,28,23.11,68.0,6.7,161.89,Loam,Standard_V1,coffee
104,20,26,27.23,52.95,7.49,175.73,Loam,Standard_V1,coffee
109,29,28,23.26,60.52,6.72,194.18,Loam,Standard_V1,coffee
100,32,26,25.23,57.53,6.04,124.23,Loam,Standard_V1,coffee
100,24,28,25.6,57.73,7.1,195.77,Laterite,Standard_V1,coffee
83,21,28,25.57,60.49,7.47,190.23,Laterite,Standard_V1,coffee
120,23,28,25.67,51.29,6.88,196.27,Red-Loam,Standard_V1,coffee
104,26,30,24.41,62.66,6.41,148.7,Laterite,Standard_V1,coffee
108,33,31,23.69,66.76,7.39,144.66,Loam,Standard_V1,coffee
91,25,26,24.53,67.0,7.48,180.51,Red-Loam,Standard_V1,coffee
86,26,27,27.13,52.89,6.08,192.43,Red-Loam,Standard_V1,coffee
98,18,27,27.56,68.49,6.52,167.44,Red-Loam,Standard_V1,coffee
111,27,31,23.59,55.28,6.04,191.4,Loam,Standard_V1,coffee
84,39,35,23.18,52.14,6.96,117.31,Laterite,Standard_V1,coffee
98,27,27,24.71,51.29,7.24,197.64,Loam,Standard_V1,coffee
118,21,34,24.39,64.73,7.23,119.63,Red-Loam,Standard_V1,coffee
103,27,31,27.16,51.59,6.69,126.18,Loam,Standard_V1,coffee
82,24,33,26.54,67.1,6.81,120.65,Loam,Standard_V1,coffee
86,31,35,27.01,60.77,6.49,191.45,Laterite,Standard_V1,coffee
88,35,35,27.56,58.46,6.78,117.94,Laterite,Standard_V1,coffee
84,27,29,23.32,53.0,7.17,168.26,Red-Loam,Standard_V1,coffee
120,40,33,24.24,54.3,6.73,115.16,Loam,Standard_V1,coffee
106,40,30,23.43,64.11,6.78,122.68,Loam,Standard_V1,coffee
113,21,33,26.02,55.83,7.28,176.9,Laterite,Standard_V1,coffee
117,34,25,24.84,56.77,7.21,124.41,Loam,Standard_V1,coffee
80,30,25,26.24,65.64,7.49,148.38,Loam,Standard_V1,coffee
88,21,27,24.43,66.02,7.23,181.64,Loam,Standard_V1,coffee
113,33,34,26.0,62.14,6.56,153.48,Laterite,Standard_V1,coffee
87,23,28,26.22,62.27,6.98,193.75,Red-Loam,Standard_V1,coffee
113,15,29,27.1,63.55,6.78,190.24,Red-Loam,Standard_V1,coffee
98,29,30,25.64,61.03,6.22,199.47,Loam,Standard_V1,coffee
97,29,27,27.75,54.37,7.21,139.86,Red-Loam,Standard_V1,coffee
85,35,32,26.25,54.29,6.85,133.11,Laterite,Standard_V1,coffee
82,29,35,26.67,52.24,6.25,156.15,Laterite,Standard_V1,coffee
103,33,25,27.1,55.75,6.91,139.5,Red-Loam,Standard_V1,coffee
112,17,28,27.63,61.26,6.78,196.65,Red-Loam,Standard_V1,coffee
99,19,33,27.54,55.52,6.27,130.64,Loam,Standard_V1,coffee
120,20,34,23.57,50.56,6.91,130.38,Red-Loam,Standard_V1,coffee
114,27,28,24.99,57.93,7.16,192.87,Loam,Standard_V1,coffee
100,40,35,27.56,54.41,6.96,177.82,Loam,Standard_V1,coffee
108,35,25,23.98,61.11,6.97,161.53,Laterite,Standard_V1,coffee
115,31,30,24.23,67.38,6.84,122.41,Laterite,Standard_V1,coffee
87,28,30,25.6,68.66,6.54,168.84,Laterite,Standard_V1,coffee
82,24,26,24.31,53.57,6.09,184.41,Laterite,Standard_V1,coffee
94,26,27,26.37,52.26,7.46,177.32,Red-Loam,Standard_V1,coffee
87,28,35,26.56,57.16,6.76,152.06,Laterite,Standard_V1,coffee
118,40,35,26.35,58.51,7.46,121.56,Red-Loam,Standard_V1,coffee
87,38,29,25.2,57.88,6.65,156.15,Laterite,Standard_V1,coffee
92,40,30,23.36,55.19,6.03,171.7,Red-Loam,Standard_V1,coffee
97,22,26,23.61,59.69,6.07,185.16,Loam,Standard_V1,coffee
99,40,32,24.18,69.95,7.05,163.27,Red-Loam,Standard_V1,coffee
89,28,33,26.44,53.84,6.99,175.37,Red-Loam,Standard_V1,coffee
112,39,29,26.12,63.37,6.73,147.8,Laterite,Standard_V1,coffee
111,28,26,27.77,64.48,6.94,192.71,Red-Loam,Standard_V1,coffee
114,20,26,25.56,62.67,7.28,193.59,Loam,Standard_V1,coffee
117,26,30,27.92,67.97,7.08,115.23,Loam,Standard_V1,coffee
111,29,31,26.06,52.31,6.14,161.34,Laterite,Standard_V1,coffee
119,30,28,26.36,64.58,6.51,163.63,Loam,Standard_V1,coffee
116,40,33,24.91,54.15,7.04,129.55,Red-Loam,Standard_V1,coffee
95,37,35,27.31,68.42,6.35,192.43,Loam,Standard_V1,coffee
86,40,33,26.14,52.26,7.43,136.3,Laterite,Standard_V1,coffee
117,37,32,23.11,67.06,6.79,162.58,Red-Loam,Standard_V1,coffee
105,18,35,23.53,68.44,6.74,171.88,Laterite,Standard_V1,coffee
109,23,25,25.12,68.48,7.01,194.88,Red-Loam,Standard_V1,coffee
80,18,31,24.03,58.85,7.3,134.68,Loam,Standard_V1,coffee
101,31,26,26.71,69.71,6.86,158.86,Laterite,Standard_V1,coffee
103,33,33,26.72,50.5,7.13,126.81,Laterite,Standard_V1,coffee
93,26,27,24.59,56.47,7.29,137.7,Red-Loam,Standard_V1,coffee
104,35,28,27.51,50.67,6.98,144.0,Laterite,Standard_V1,coffee
116,36,25,27.58,58.53,6.17,156.68,Red-Loam,Standard_V1,coffee
107,38,29,26.65,57.57,6.35,145.11,Red-Loam,Standard_V1,coffee
101,33,33,26.97,62.02,6.91,142.86,Red-Loam,Standard_V1,coffee
107,31,31,23.17,52.98,6.77,153.12,Red-Loam,Standard_V1,coffee
99,16,30,23.53,65.44,6.39,186.17,Loam,Standard_V1,coffee
103,40,30,27.31,55.2,6.35,141.48,Red-Loam,Standard_V1,coffee
118,31,34,27.55,62.88,6.12,181.42,Laterite,Standard_V1,coffee
106,21,35,25.63,57.04,7.43,188.55,Loam,Standard_V1,coffee
116,38,34,23.29,50.05,6.02,183.47,Laterite,Standard_V1,coffee
97,35,26,24.91,53.74,6.33,166.25,Loam,Standard_V1,coffee
107,34,32,26.77,66.41,6.78,177.77,Red-Loam,Standard_V1,coffee
99,15,27,27.42,56.64,6.09,127.92,Loam,Standard_V1,coffee
118,33,30,24.13,67.23,6.36,173.32,Loam,Standard_V1,coffee
117,32,34,26.27,52.13,6.76,127.18,Laterite,Standard_V1,coffee
104,18,30,23.6,60.4,6.78,140.94,Laterite,Standard_V1,coffee
